id,course_id,user_id,role,created_at,updated_at
1,1,167,lead,2026-05-15 14:00:00,2026-05-15 14:00:00
2,2,24,lead,2026-05-15 14:00:00,2026-05-15 14:00:00
3,3,49,lead,2026-05-15 14:00:00,2026-05-15 14:00:00
4,4,175,lead,2026-05-15 14:00:00,2026-05-15 14:00:00
5,4,197,co_instructor,2026-05-15 14:00:00,2026-05-15 14:00:00
6,5,208,lead,2026-05-15 14:00:00,2026-05-15 14:00:00
7,6,76,lead,2026-05-15 14:00:00,2026-05-15 14:00:00
8,6,253,co_instructor,2026-05-15 14:00:00,2026-05-15 14:00:00
9,7,159,lead,2026-05-15 14:00:00,2026-05-15 14:00:00
10,7,232,co_instructor,2026-05-15 14:00:00,2026-05-15 14:00:00
11,8,79,lead,2026-05-15 14:00:00,2026-05-15 14:00:00
12,8,80,co_instructor,2026-05-15 14:00:00,2026-05-15 14:00:00
13,9,247,lead,2026-05-15 14:00:00,2026-05-15 14:00:00
14,10,259,lead,2026-05-15 14:00:00,2026-05-15 14:00:00
15,11,46,lead,2026-05-15 14:00:00,2026-05-15 14:00:00
16,12,90,lead,2026-05-15 14:00:00,2026-05-15 14:00:00
17,12,156,co_instructor,2026-05-15 14:00:00,2026-05-15 14:00:00
18,13,95,lead,2026-05-15 14:00:00,2026-05-15 14:00:00
19,13,163,co_instructor,2026-05-15 14:00:00,2026-05-15 14:00:00
20,14,182,lead,2026-05-15 14:00:00,2026-05-15 14:00:00
21,15,29,lead,2026-05-15 14:00:00,2026-05-15 14:00:00
22,16,226,lead,2026-05-15 14:00:00,2026-05-15 14:00:00
23,16,198,co_instructor,2026-05-15 14:00:00,2026-05-15 14:00:00
24,17,88,lead,2026-05-15 14:00:00,2026-05-15 14:00:00
25,17,117,co_instructor,2026-05-15 14:00:00,2026-05-15 14:00:00
26,18,245,lead,2026-05-15 14:00:00,2026-05-15 14:00:00
27,18,265,co_instructor,2026-05-15 14:00:00,2026-05-15 14:00:00
28,19,246,lead,2026-05-15 14:00:00,2026-05-15 14:00:00
29,19,61,co_instructor,2026-05-15 14:00:00,2026-05-15 14:00:00
30,20,169,lead,2026-05-15 14:00:00,2026-05-15 14:00:00
31,21,52,lead,2026-05-15 14:00:00,2026-05-15 14:00:00
32,22,247,lead,2026-05-15 14:00:00,2026-05-15 14:00:00
33,23,227,lead,2026-05-15 14:00:00,2026-05-15 14:00:00
34,24,245,lead,2026-05-15 14:00:00,2026-05-15 14:00:00
35,24,176,co_instructor,2026-05-15 14:00:00,2026-05-15 14:00:00
36,25,99,lead,2026-05-15 14:00:00,2026-05-15 14:00:00
37,25,56,co_instructor,2026-05-15 14:00:00,2026-05-15 14:00:00
38,26,115,lead,2026-05-15 14:00:00,2026-05-15 14:00:00
39,27,152,lead,2026-05-15 14:00:00,2026-05-15 14:00:00
40,28,146,lead,2026-05-15 14:00:00,2026-05-15 14:00:00
41,29,59,lead,2026-05-15 14:00:00,2026-05-15 14:00:00
42,30,27,lead,2026-05-15 14:00:00,2026-05-15 14:00:00
43,31,158,lead,2026-05-15 14:00:00,2026-05-15 14:00:00
44,31,56,co_instructor,2026-05-15 14:00:00,2026-05-15 14:00:00
45,32,64,lead,2026-05-15 14:00:00,2026-05-15 14:00:00
46,32,224,co_instructor,2026-05-15 14:00:00,2026-05-15 14:00:00
47,33,88,lead,2026-05-15 14:00:00,2026-05-15 14:00:00
48,34,244,lead,2026-05-15 14:00:00,2026-05-15 14:00:00
49,34,204,co_instructor,2026-05-15 14:00:00,2026-05-15 14:00:00
50,35,43,lead,2026-05-15 14:00:00,2026-05-15 14:00:00
51,36,256,lead,2026-05-15 14:00:00,2026-05-15 14:00:00
52,36,167,co_instructor,2026-05-15 14:00:00,2026-05-15 14:00:00
53,37,129,lead,2026-05-15 14:00:00,2026-05-15 14:00:00
54,37,206,co_instructor,2026-05-15 14:00:00,2026-05-15 14:00:00
55,38,246,lead,2026-05-15 14:00:00,2026-05-15 14:00:00
56,38,41,co_instructor,2026-05-15 14:00:00,2026-05-15 14:00:00
57,39,28,lead,2026-05-15 14:00:00,2026-05-15 14:00:00
58,40,21,lead,2026-05-15 14:00:00,2026-05-15 14:00:00
59,40,93,co_instructor,2026-05-15 14:00:00,2026-05-15 14:00:00
60,41,64,lead,2026-05-15 14:00:00,2026-05-15 14:00:00
61,41,20,co_instructor,2026-05-15 14:00:00,2026-05-15 14:00:00
62,42,19,lead,2026-05-15 14:00:00,2026-05-15 14:00:00
63,43,119,lead,2026-05-15 14:00:00,2026-05-15 14:00:00
64,44,131,lead,2026-05-15 14:00:00,2026-05-15 14:00:00
65,45,76,lead,2026-05-15 14:00:00,2026-05-15 14:00:00
66,46,137,lead,2026-05-15 14:00:00,2026-05-15 14:00:00
67,46,165,co_instructor,2026-05-15 14:00:00,2026-05-15 14:00:00
68,47,204,lead,2026-05-15 14:00:00,2026-05-15 14:00:00
69,47,178,co_instructor,2026-05-15 14:00:00,2026-05-15 14:00:00
70,48,133,lead,2026-05-15 14:00:00,2026-05-15 14:00:00
71,48,186,co_instructor,2026-05-15 14:00:00,2026-05-15 14:00:00
72,49,12,lead,2026-05-15 14:00:00,2026-05-15 14:00:00
73,49,10,co_instructor,2026-05-15 14:00:00,2026-05-15 14:00:00
74,50,195,lead,2026-05-15 14:00:00,2026-05-15 14:00:00
75,50,8,co_instructor,2026-05-15 14:00:00,2026-05-15 14:00:00
76,51,160,lead,2026-05-15 14:00:00,2026-05-15 14:00:00
77,52,240,lead,2026-05-15 14:00:00,2026-05-15 14:00:00
78,53,103,lead,2026-05-15 14:00:00,2026-05-15 14:00:00
79,54,61,lead,2026-05-15 14:00:00,2026-05-15 14:00:00
80,55,244,lead,2026-05-15 14:00:00,2026-05-15 14:00:00
81,55,205,co_instructor,2026-05-15 14:00:00,2026-05-15 14:00:00
82,56,106,lead,2026-05-15 14:00:00,2026-05-15 14:00:00
83,56,213,co_instructor,2026-05-15 14:00:00,2026-05-15 14:00:00
84,57,80,lead,2026-05-15 14:00:00,2026-05-15 14:00:00
85,57,32,co_instructor,2026-05-15 14:00:00,2026-05-15 14:00:00
86,58,162,lead,2026-05-15 14:00:00,2026-05-15 14:00:00
87,59,140,lead,2026-05-15 14:00:00,2026-05-15 14:00:00
88,59,272,co_instructor,2026-05-15 14:00:00,2026-05-15 14:00:00
89,60,273,lead,2026-05-15 14:00:00,2026-05-15 14:00:00
90,61,83,lead,2026-05-15 14:00:00,2026-05-15 14:00:00
91,61,105,co_instructor,2026-05-15 14:00:00,2026-05-15 14:00:00
92,62,208,lead,2026-05-15 14:00:00,2026-05-15 14:00:00
93,62,183,co_instructor,2026-05-15 14:00:00,2026-05-15 14:00:00
94,63,107,lead,2026-05-15 14:00:00,2026-05-15 14:00:00
95,64,100,lead,2026-05-15 14:00:00,2026-05-15 14:00:00
96,64,187,co_instructor,2026-05-15 14:00:00,2026-05-15 14:00:00
97,65,70,lead,2026-05-15 14:00:00,2026-05-15 14:00:00
98,65,248,co_instructor,2026-05-15 14:00:00,2026-05-15 14:00:00
99,66,268,lead,2026-05-15 14:00:00,2026-05-15 14:00:00
100,66,190,co_instructor,2026-05-15 14:00:00,2026-05-15 14:00:00
101,67,101,lead,2026-05-15 14:00:00,2026-05-15 14:00:00
102,68,268,lead,2026-05-15 14:00:00,2026-05-15 14:00:00
103,68,182,co_instructor,2026-05-15 14:00:00,2026-05-15 14:00:00
104,69,231,lead,2026-05-15 14:00:00,2026-05-15 14:00:00
105,69,96,co_instructor,2026-05-15 14:00:00,2026-05-15 14:00:00
106,70,4,lead,2026-05-15 14:00:00,2026-05-15 14:00:00
107,71,135,lead,2026-05-15 14:00:00,2026-05-15 14:00:00
108,71,250,co_instructor,2026-05-15 14:00:00,2026-05-15 14:00:00
109,72,123,lead,2026-05-15 14:00:00,2026-05-15 14:00:00
110,72,85,co_instructor,2026-05-15 14:00:00,2026-05-15 14:00:00
111,73,219,lead,2026-05-15 14:00:00,2026-05-15 14:00:00
112,73,266,co_instructor,2026-05-15 14:00:00,2026-05-15 14:00:00
113,74,214,lead,2026-05-15 14:00:00,2026-05-15 14:00:00
114,75,225,lead,2026-05-15 14:00:00,2026-05-15 14:00:00
115,75,159,co_instructor,2026-05-15 14:00:00,2026-05-15 14:00:00
116,76,214,lead,2026-05-15 14:00:00,2026-05-15 14:00:00
117,76,197,co_instructor,2026-05-15 14:00:00,2026-05-15 14:00:00
118,77,142,lead,2026-05-15 14:00:00,2026-05-15 14:00:00
119,77,37,co_instructor,2026-05-15 14:00:00,2026-05-15 14:00:00
120,78,43,lead,2026-05-15 14:00:00,2026-05-15 14:00:00
121,78,89,co_instructor,2026-05-15 14:00:00,2026-05-15 14:00:00
122,79,50,lead,2026-05-15 14:00:00,2026-05-15 14:00:00
123,80,116,lead,2026-05-15 14:00:00,2026-05-15 14:00:00
124,80,13,co_instructor,2026-05-15 14:00:00,2026-05-15 14:00:00
125,81,232,lead,2026-05-15 14:00:00,2026-05-15 14:00:00
126,81,96,co_instructor,2026-05-15 14:00:00,2026-05-15 14:00:00
127,82,236,lead,2026-05-15 14:00:00,2026-05-15 14:00:00
128,83,102,lead,2026-05-15 14:00:00,2026-05-15 14:00:00
129,84,49,lead,2026-05-15 14:00:00,2026-05-15 14:00:00
130,84,183,co_instructor,2026-05-15 14:00:00,2026-05-15 14:00:00
131,85,219,lead,2026-05-15 14:00:00,2026-05-15 14:00:00
132,85,28,co_instructor,2026-05-15 14:00:00,2026-05-15 14:00:00
133,86,121,lead,2026-05-15 14:00:00,2026-05-15 14:00:00
134,87,78,lead,2026-05-15 14:00:00,2026-05-15 14:00:00
135,88,238,lead,2026-05-15 14:00:00,2026-05-15 14:00:00
136,88,173,co_instructor,2026-05-15 14:00:00,2026-05-15 14:00:00
137,89,146,lead,2026-05-15 14:00:00,2026-05-15 14:00:00
138,89,124,co_instructor,2026-05-15 14:00:00,2026-05-15 14:00:00
139,90,262,lead,2026-05-15 14:00:00,2026-05-15 14:00:00
140,91,252,lead,2026-05-15 14:00:00,2026-05-15 14:00:00
141,92,55,lead,2026-05-15 14:00:00,2026-05-15 14:00:00
142,93,9,lead,2026-05-15 14:00:00,2026-05-15 14:00:00
143,94,225,lead,2026-05-15 14:00:00,2026-05-15 14:00:00
144,95,173,lead,2026-05-15 14:00:00,2026-05-15 14:00:00
145,95,174,co_instructor,2026-05-15 14:00:00,2026-05-15 14:00:00
146,96,2,lead,2026-05-15 14:00:00,2026-05-15 14:00:00
147,96,73,co_instructor,2026-05-15 14:00:00,2026-05-15 14:00:00
148,97,209,lead,2026-05-15 14:00:00,2026-05-15 14:00:00
149,97,112,co_instructor,2026-05-15 14:00:00,2026-05-15 14:00:00
150,98,147,lead,2026-05-15 14:00:00,2026-05-15 14:00:00
151,98,192,co_instructor,2026-05-15 14:00:00,2026-05-15 14:00:00
152,99,189,lead,2026-05-15 14:00:00,2026-05-15 14:00:00
153,100,49,lead,2026-05-15 14:00:00,2026-05-15 14:00:00
154,101,57,lead,2026-05-15 14:00:00,2026-05-15 14:00:00
155,102,226,lead,2026-05-15 14:00:00,2026-05-15 14:00:00
156,102,25,co_instructor,2026-05-15 14:00:00,2026-05-15 14:00:00
157,103,33,lead,2026-05-15 14:00:00,2026-05-15 14:00:00
158,104,39,lead,2026-05-15 14:00:00,2026-05-15 14:00:00
159,104,85,co_instructor,2026-05-15 14:00:00,2026-05-15 14:00:00
160,105,208,lead,2026-05-15 14:00:00,2026-05-15 14:00:00
161,106,97,lead,2026-05-15 14:00:00,2026-05-15 14:00:00
162,106,11,co_instructor,2026-05-15 14:00:00,2026-05-15 14:00:00
163,107,15,lead,2026-05-15 14:00:00,2026-05-15 14:00:00
164,108,138,lead,2026-05-15 14:00:00,2026-05-15 14:00:00
165,108,35,co_instructor,2026-05-15 14:00:00,2026-05-15 14:00:00
166,109,272,lead,2026-05-15 14:00:00,2026-05-15 14:00:00
167,109,51,co_instructor,2026-05-15 14:00:00,2026-05-15 14:00:00
168,110,65,lead,2026-05-15 14:00:00,2026-05-15 14:00:00
169,110,33,co_instructor,2026-05-15 14:00:00,2026-05-15 14:00:00
170,111,122,lead,2026-05-15 14:00:00,2026-05-15 14:00:00
171,112,78,lead,2026-05-15 14:00:00,2026-05-15 14:00:00
172,112,255,co_instructor,2026-05-15 14:00:00,2026-05-15 14:00:00
173,113,205,lead,2026-05-15 14:00:00,2026-05-15 14:00:00
174,113,186,co_instructor,2026-05-15 14:00:00,2026-05-15 14:00:00
175,114,162,lead,2026-05-15 14:00:00,2026-05-15 14:00:00
176,115,195,lead,2026-05-15 14:00:00,2026-05-15 14:00:00
177,116,68,lead,2026-05-15 14:00:00,2026-05-15 14:00:00
178,117,205,lead,2026-05-15 14:00:00,2026-05-15 14:00:00
179,117,186,co_instructor,2026-05-15 14:00:00,2026-05-15 14:00:00
180,118,190,lead,2026-05-15 14:00:00,2026-05-15 14:00:00
181,119,48,lead,2026-05-15 14:00:00,2026-05-15 14:00:00
182,120,258,lead,2026-05-15 14:00:00,2026-05-15 14:00:00
183,121,54,lead,2026-05-15 14:00:00,2026-05-15 14:00:00
184,122,48,lead,2026-05-15 14:00:00,2026-05-15 14:00:00
185,122,249,co_instructor,2026-05-15 14:00:00,2026-05-15 14:00:00
186,123,85,lead,2026-05-15 14:00:00,2026-05-15 14:00:00
187,124,263,lead,2026-05-15 14:00:00,2026-05-15 14:00:00
188,125,224,lead,2026-05-15 14:00:00,2026-05-15 14:00:00
189,125,138,co_instructor,2026-05-15 14:00:00,2026-05-15 14:00:00
190,126,261,lead,2026-05-15 14:00:00,2026-05-15 14:00:00
191,126,187,co_instructor,2026-05-15 14:00:00,2026-05-15 14:00:00
192,127,154,lead,2026-05-15 14:00:00,2026-05-15 14:00:00
193,127,93,co_instructor,2026-05-15 14:00:00,2026-05-15 14:00:00
194,128,21,lead,2026-05-15 14:00:00,2026-05-15 14:00:00
195,128,123,co_instructor,2026-05-15 14:00:00,2026-05-15 14:00:00
196,129,42,lead,2026-05-15 14:00:00,2026-05-15 14:00:00
197,129,73,co_instructor,2026-05-15 14:00:00,2026-05-15 14:00:00
198,130,148,lead,2026-05-15 14:00:00,2026-05-15 14:00:00
199,130,239,co_instructor,2026-05-15 14:00:00,2026-05-15 14:00:00
200,131,143,lead,2026-05-15 14:00:00,2026-05-15 14:00:00
201,132,125,lead,2026-05-15 14:00:00,2026-05-15 14:00:00
202,133,91,lead,2026-05-15 14:00:00,2026-05-15 14:00:00
203,134,61,lead,2026-05-15 14:00:00,2026-05-15 14:00:00
204,135,119,lead,2026-05-15 14:00:00,2026-05-15 14:00:00
205,135,18,co_instructor,2026-05-15 14:00:00,2026-05-15 14:00:00
206,136,154,lead,2026-05-15 14:00:00,2026-05-15 14:00:00
207,137,42,lead,2026-05-15 14:00:00,2026-05-15 14:00:00
208,138,237,lead,2026-05-15 14:00:00,2026-05-15 14:00:00
209,138,18,co_instructor,2026-05-15 14:00:00,2026-05-15 14:00:00
210,139,47,lead,2026-05-15 14:00:00,2026-05-15 14:00:00
211,139,135,co_instructor,2026-05-15 14:00:00,2026-05-15 14:00:00
212,140,44,lead,2026-05-15 14:00:00,2026-05-15 14:00:00
213,140,80,co_instructor,2026-05-15 14:00:00,2026-05-15 14:00:00
214,141,77,lead,2026-05-15 14:00:00,2026-05-15 14:00:00
215,142,190,lead,2026-05-15 14:00:00,2026-05-15 14:00:00
216,143,246,lead,2026-05-15 14:00:00,2026-05-15 14:00:00
217,144,4,lead,2026-05-15 14:00:00,2026-05-15 14:00:00
218,144,100,co_instructor,2026-05-15 14:00:00,2026-05-15 14:00:00
219,145,64,lead,2026-05-15 14:00:00,2026-05-15 14:00:00
220,146,52,lead,2026-05-15 14:00:00,2026-05-15 14:00:00
221,147,38,lead,2026-05-15 14:00:00,2026-05-15 14:00:00
222,148,229,lead,2026-05-15 14:00:00,2026-05-15 14:00:00
223,149,215,lead,2026-05-15 14:00:00,2026-05-15 14:00:00
224,149,86,co_instructor,2026-05-15 14:00:00,2026-05-15 14:00:00
225,150,111,lead,2026-05-15 14:00:00,2026-05-15 14:00:00
226,150,230,co_instructor,2026-05-15 14:00:00,2026-05-15 14:00:00
227,151,232,lead,2026-05-15 14:00:00,2026-05-15 14:00:00
228,152,111,lead,2026-05-15 14:00:00,2026-05-15 14:00:00
229,153,35,lead,2026-05-15 14:00:00,2026-05-15 14:00:00
230,154,255,lead,2026-05-15 14:00:00,2026-05-15 14:00:00
231,154,213,co_instructor,2026-05-15 14:00:00,2026-05-15 14:00:00
232,155,96,lead,2026-05-15 14:00:00,2026-05-15 14:00:00
233,155,260,co_instructor,2026-05-15 14:00:00,2026-05-15 14:00:00
234,156,85,lead,2026-05-15 14:00:00,2026-05-15 14:00:00
235,156,26,co_instructor,2026-05-15 14:00:00,2026-05-15 14:00:00
236,157,225,lead,2026-05-15 14:00:00,2026-05-15 14:00:00
237,158,200,lead,2026-05-15 14:00:00,2026-05-15 14:00:00
238,159,173,lead,2026-05-15 14:00:00,2026-05-15 14:00:00
239,160,164,lead,2026-05-15 14:00:00,2026-05-15 14:00:00
240,160,89,co_instructor,2026-05-15 14:00:00,2026-05-15 14:00:00
241,161,268,lead,2026-05-15 14:00:00,2026-05-15 14:00:00
242,161,143,co_instructor,2026-05-15 14:00:00,2026-05-15 14:00:00
243,162,105,lead,2026-05-15 14:00:00,2026-05-15 14:00:00
244,162,237,co_instructor,2026-05-15 14:00:00,2026-05-15 14:00:00
245,163,257,lead,2026-05-15 14:00:00,2026-05-15 14:00:00
246,164,55,lead,2026-05-15 14:00:00,2026-05-15 14:00:00
247,165,191,lead,2026-05-15 14:00:00,2026-05-15 14:00:00
248,166,8,lead,2026-05-15 14:00:00,2026-05-15 14:00:00
249,167,33,lead,2026-05-15 14:00:00,2026-05-15 14:00:00
250,167,185,co_instructor,2026-05-15 14:00:00,2026-05-15 14:00:00
251,168,52,lead,2026-05-15 14:00:00,2026-05-15 14:00:00
252,169,137,lead,2026-05-15 14:00:00,2026-05-15 14:00:00
253,169,99,co_instructor,2026-05-15 14:00:00,2026-05-15 14:00:00
254,170,55,lead,2026-05-15 14:00:00,2026-05-15 14:00:00
255,171,16,lead,2026-05-15 14:00:00,2026-05-15 14:00:00
256,172,87,lead,2026-05-15 14:00:00,2026-05-15 14:00:00
257,172,207,co_instructor,2026-05-15 14:00:00,2026-05-15 14:00:00
258,173,137,lead,2026-05-15 14:00:00,2026-05-15 14:00:00
259,173,168,co_instructor,2026-05-15 14:00:00,2026-05-15 14:00:00
260,174,182,lead,2026-05-15 14:00:00,2026-05-15 14:00:00
261,174,113,co_instructor,2026-05-15 14:00:00,2026-05-15 14:00:00
262,175,19,lead,2026-05-15 14:00:00,2026-05-15 14:00:00
263,175,218,co_instructor,2026-05-15 14:00:00,2026-05-15 14:00:00
264,176,179,lead,2026-05-15 14:00:00,2026-05-15 14:00:00
265,176,92,co_instructor,2026-05-15 14:00:00,2026-05-15 14:00:00
266,177,207,lead,2026-05-15 14:00:00,2026-05-15 14:00:00
267,177,142,co_instructor,2026-05-15 14:00:00,2026-05-15 14:00:00
268,178,204,lead,2026-05-15 14:00:00,2026-05-15 14:00:00
269,179,83,lead,2026-05-15 14:00:00,2026-05-15 14:00:00
270,179,76,co_instructor,2026-05-15 14:00:00,2026-05-15 14:00:00
271,180,24,lead,2026-05-15 14:00:00,2026-05-15 14:00:00
272,181,266,lead,2026-05-15 14:00:00,2026-05-15 14:00:00
273,181,254,co_instructor,2026-05-15 14:00:00,2026-05-15 14:00:00
274,182,23,lead,2026-05-15 14:00:00,2026-05-15 14:00:00
275,183,22,lead,2026-05-15 14:00:00,2026-05-15 14:00:00
276,184,23,lead,2026-05-15 14:00:00,2026-05-15 14:00:00
277,184,275,co_instructor,2026-05-15 14:00:00,2026-05-15 14:00:00
278,185,204,lead,2026-05-15 14:00:00,2026-05-15 14:00:00
279,186,117,lead,2026-05-15 14:00:00,2026-05-15 14:00:00
280,186,177,co_instructor,2026-05-15 14:00:00,2026-05-15 14:00:00
281,187,26,lead,2026-05-15 14:00:00,2026-05-15 14:00:00
282,187,254,co_instructor,2026-05-15 14:00:00,2026-05-15 14:00:00
283,188,159,lead,2026-05-15 14:00:00,2026-05-15 14:00:00
284,189,156,lead,2026-05-15 14:00:00,2026-05-15 14:00:00
285,190,125,lead,2026-05-15 14:00:00,2026-05-15 14:00:00
286,190,255,co_instructor,2026-05-15 14:00:00,2026-05-15 14:00:00
287,191,170,lead,2026-05-15 14:00:00,2026-05-15 14:00:00
288,192,229,lead,2026-05-15 14:00:00,2026-05-15 14:00:00
289,193,217,lead,2026-05-15 14:00:00,2026-05-15 14:00:00
290,194,34,lead,2026-05-15 14:00:00,2026-05-15 14:00:00
291,194,170,co_instructor,2026-05-15 14:00:00,2026-05-15 14:00:00
292,195,5,lead,2026-05-15 14:00:00,2026-05-15 14:00:00
293,195,157,co_instructor,2026-05-15 14:00:00,2026-05-15 14:00:00
294,196,175,lead,2026-05-15 14:00:00,2026-05-15 14:00:00
295,196,150,co_instructor,2026-05-15 14:00:00,2026-05-15 14:00:00
296,197,185,lead,2026-05-15 14:00:00,2026-05-15 14:00:00
297,198,49,lead,2026-05-15 14:00:00,2026-05-15 14:00:00
298,199,133,lead,2026-05-15 14:00:00,2026-05-15 14:00:00
299,199,195,co_instructor,2026-05-15 14:00:00,2026-05-15 14:00:00
300,200,249,lead,2026-05-15 14:00:00,2026-05-15 14:00:00
301,200,194,co_instructor,2026-05-15 14:00:00,2026-05-15 14:00:00
302,201,86,lead,2026-05-15 14:00:00,2026-05-15 14:00:00
303,201,195,co_instructor,2026-05-15 14:00:00,2026-05-15 14:00:00
304,202,246,lead,2026-05-15 14:00:00,2026-05-15 14:00:00
305,202,127,co_instructor,2026-05-15 14:00:00,2026-05-15 14:00:00
306,203,159,lead,2026-05-15 14:00:00,2026-05-15 14:00:00
307,203,248,co_instructor,2026-05-15 14:00:00,2026-05-15 14:00:00
308,204,151,lead,2026-05-15 14:00:00,2026-05-15 14:00:00
309,204,95,co_instructor,2026-05-15 14:00:00,2026-05-15 14:00:00
310,205,149,lead,2026-05-15 14:00:00,2026-05-15 14:00:00
311,205,220,co_instructor,2026-05-15 14:00:00,2026-05-15 14:00:00
312,206,176,lead,2026-05-15 14:00:00,2026-05-15 14:00:00
313,206,81,co_instructor,2026-05-15 14:00:00,2026-05-15 14:00:00
314,207,33,lead,2026-05-15 14:00:00,2026-05-15 14:00:00
315,208,275,lead,2026-05-15 14:00:00,2026-05-15 14:00:00
316,209,171,lead,2026-05-15 14:00:00,2026-05-15 14:00:00
317,209,2,co_instructor,2026-05-15 14:00:00,2026-05-15 14:00:00
318,210,156,lead,2026-05-15 14:00:00,2026-05-15 14:00:00
319,210,233,co_instructor,2026-05-15 14:00:00,2026-05-15 14:00:00
320,211,164,lead,2026-05-15 14:00:00,2026-05-15 14:00:00
321,212,111,lead,2026-05-15 14:00:00,2026-05-15 14:00:00
322,212,76,co_instructor,2026-05-15 14:00:00,2026-05-15 14:00:00
323,213,151,lead,2026-05-15 14:00:00,2026-05-15 14:00:00
324,214,63,lead,2026-05-15 14:00:00,2026-05-15 14:00:00
325,215,94,lead,2026-05-15 14:00:00,2026-05-15 14:00:00
326,216,187,lead,2026-05-15 14:00:00,2026-05-15 14:00:00
327,216,76,co_instructor,2026-05-15 14:00:00,2026-05-15 14:00:00
328,217,73,lead,2026-05-15 14:00:00,2026-05-15 14:00:00
329,218,17,lead,2026-05-15 14:00:00,2026-05-15 14:00:00
330,218,149,co_instructor,2026-05-15 14:00:00,2026-05-15 14:00:00
331,219,221,lead,2026-05-15 14:00:00,2026-05-15 14:00:00
332,220,193,lead,2026-05-15 14:00:00,2026-05-15 14:00:00
333,220,191,co_instructor,2026-05-15 14:00:00,2026-05-15 14:00:00
334,221,196,lead,2026-05-15 14:00:00,2026-05-15 14:00:00
335,221,42,co_instructor,2026-05-15 14:00:00,2026-05-15 14:00:00
336,222,42,lead,2026-05-15 14:00:00,2026-05-15 14:00:00
337,223,41,lead,2026-05-15 14:00:00,2026-05-15 14:00:00
338,223,128,co_instructor,2026-05-15 14:00:00,2026-05-15 14:00:00
339,224,115,lead,2026-05-15 14:00:00,2026-05-15 14:00:00
340,224,135,co_instructor,2026-05-15 14:00:00,2026-05-15 14:00:00
341,225,163,lead,2026-05-15 14:00:00,2026-05-15 14:00:00
342,225,199,co_instructor,2026-05-15 14:00:00,2026-05-15 14:00:00
343,226,190,lead,2026-05-15 14:00:00,2026-05-15 14:00:00
344,227,90,lead,2026-05-15 14:00:00,2026-05-15 14:00:00
345,228,178,lead,2026-05-15 14:00:00,2026-05-15 14:00:00
346,228,213,co_instructor,2026-05-15 14:00:00,2026-05-15 14:00:00
347,229,48,lead,2026-05-15 14:00:00,2026-05-15 14:00:00
348,230,25,lead,2026-05-15 14:00:00,2026-05-15 14:00:00
349,231,78,lead,2026-05-15 14:00:00,2026-05-15 14:00:00
350,232,199,lead,2026-05-15 14:00:00,2026-05-15 14:00:00
351,233,147,lead,2026-05-15 14:00:00,2026-05-15 14:00:00
352,234,174,lead,2026-05-15 14:00:00,2026-05-15 14:00:00
353,235,255,lead,2026-05-15 14:00:00,2026-05-15 14:00:00
354,235,270,co_instructor,2026-05-15 14:00:00,2026-05-15 14:00:00
355,236,70,lead,2026-05-15 14:00:00,2026-05-15 14:00:00
356,236,271,co_instructor,2026-05-15 14:00:00,2026-05-15 14:00:00
357,237,201,lead,2026-05-15 14:00:00,2026-05-15 14:00:00
358,237,243,co_instructor,2026-05-15 14:00:00,2026-05-15 14:00:00
359,238,43,lead,2026-05-15 14:00:00,2026-05-15 14:00:00
360,238,192,co_instructor,2026-05-15 14:00:00,2026-05-15 14:00:00
361,239,67,lead,2026-05-15 14:00:00,2026-05-15 14:00:00
362,240,21,lead,2026-05-15 14:00:00,2026-05-15 14:00:00
363,240,241,co_instructor,2026-05-15 14:00:00,2026-05-15 14:00:00
364,241,70,lead,2026-05-15 14:00:00,2026-05-15 14:00:00
365,242,239,lead,2026-05-15 14:00:00,2026-05-15 14:00:00
366,243,247,lead,2026-05-15 14:00:00,2026-05-15 14:00:00
367,244,229,lead,2026-05-15 14:00:00,2026-05-15 14:00:00
368,244,156,co_instructor,2026-05-15 14:00:00,2026-05-15 14:00:00
369,245,269,lead,2026-05-15 14:00:00,2026-05-15 14:00:00
370,246,124,lead,2026-05-15 14:00:00,2026-05-15 14:00:00
371,246,256,co_instructor,2026-05-15 14:00:00,2026-05-15 14:00:00
372,247,107,lead,2026-05-15 14:00:00,2026-05-15 14:00:00
373,247,181,co_instructor,2026-05-15 14:00:00,2026-05-15 14:00:00
374,248,155,lead,2026-05-15 14:00:00,2026-05-15 14:00:00
375,248,91,co_instructor,2026-05-15 14:00:00,2026-05-15 14:00:00
376,249,150,lead,2026-05-15 14:00:00,2026-05-15 14:00:00
377,250,92,lead,2026-05-15 14:00:00,2026-05-15 14:00:00
378,251,30,lead,2026-05-15 14:00:00,2026-05-15 14:00:00
379,251,258,co_instructor,2026-05-15 14:00:00,2026-05-15 14:00:00
380,252,247,lead,2026-05-15 14:00:00,2026-05-15 14:00:00
381,253,186,lead,2026-05-15 14:00:00,2026-05-15 14:00:00
382,253,220,co_instructor,2026-05-15 14:00:00,2026-05-15 14:00:00
383,254,103,lead,2026-05-15 14:00:00,2026-05-15 14:00:00
384,254,263,co_instructor,2026-05-15 14:00:00,2026-05-15 14:00:00
385,255,142,lead,2026-05-15 14:00:00,2026-05-15 14:00:00
386,256,100,lead,2026-05-15 14:00:00,2026-05-15 14:00:00
387,257,154,lead,2026-05-15 14:00:00,2026-05-15 14:00:00
388,258,178,lead,2026-05-15 14:00:00,2026-05-15 14:00:00
389,258,105,co_instructor,2026-05-15 14:00:00,2026-05-15 14:00:00
390,259,161,lead,2026-05-15 14:00:00,2026-05-15 14:00:00
391,259,201,co_instructor,2026-05-15 14:00:00,2026-05-15 14:00:00
392,260,94,lead,2026-05-15 14:00:00,2026-05-15 14:00:00
393,261,116,lead,2026-05-15 14:00:00,2026-05-15 14:00:00
394,262,248,lead,2026-05-15 14:00:00,2026-05-15 14:00:00
395,263,124,lead,2026-05-15 14:00:00,2026-05-15 14:00:00
396,264,244,lead,2026-05-15 14:00:00,2026-05-15 14:00:00
397,265,104,lead,2026-05-15 14:00:00,2026-05-15 14:00:00
398,266,78,lead,2026-05-15 14:00:00,2026-05-15 14:00:00
399,266,246,co_instructor,2026-05-15 14:00:00,2026-05-15 14:00:00
400,267,23,lead,2026-05-15 14:00:00,2026-05-15 14:00:00
401,267,166,co_instructor,2026-05-15 14:00:00,2026-05-15 14:00:00
402,268,102,lead,2026-05-15 14:00:00,2026-05-15 14:00:00
403,268,101,co_instructor,2026-05-15 14:00:00,2026-05-15 14:00:00
404,269,13,lead,2026-05-15 14:00:00,2026-05-15 14:00:00
405,269,241,co_instructor,2026-05-15 14:00:00,2026-05-15 14:00:00
406,270,251,lead,2026-05-15 14:00:00,2026-05-15 14:00:00
407,270,71,co_instructor,2026-05-15 14:00:00,2026-05-15 14:00:00
408,271,129,lead,2026-05-15 14:00:00,2026-05-15 14:00:00
409,272,50,lead,2026-05-15 14:00:00,2026-05-15 14:00:00
410,273,79,lead,2026-05-15 14:00:00,2026-05-15 14:00:00
411,274,172,lead,2026-05-15 14:00:00,2026-05-15 14:00:00
412,275,133,lead,2026-05-15 14:00:00,2026-05-15 14:00:00
413,276,156,lead,2026-05-15 14:00:00,2026-05-15 14:00:00
414,276,94,co_instructor,2026-05-15 14:00:00,2026-05-15 14:00:00
415,277,102,lead,2026-05-15 14:00:00,2026-05-15 14:00:00
416,278,261,lead,2026-05-15 14:00:00,2026-05-15 14:00:00
417,278,56,co_instructor,2026-05-15 14:00:00,2026-05-15 14:00:00
418,279,225,lead,2026-05-15 14:00:00,2026-05-15 14:00:00
419,279,238,co_instructor,2026-05-15 14:00:00,2026-05-15 14:00:00
420,280,171,lead,2026-05-15 14:00:00,2026-05-15 14:00:00
421,280,167,co_instructor,2026-05-15 14:00:00,2026-05-15 14:00:00
422,281,5,lead,2026-05-15 14:00:00,2026-05-15 14:00:00
423,281,201,co_instructor,2026-05-15 14:00:00,2026-05-15 14:00:00
424,282,178,lead,2026-05-15 14:00:00,2026-05-15 14:00:00
425,282,122,co_instructor,2026-05-15 14:00:00,2026-05-15 14:00:00
426,283,90,lead,2026-05-15 14:00:00,2026-05-15 14:00:00
427,284,47,lead,2026-05-15 14:00:00,2026-05-15 14:00:00
428,285,141,lead,2026-05-15 14:00:00,2026-05-15 14:00:00
429,286,96,lead,2026-05-15 14:00:00,2026-05-15 14:00:00
430,287,150,lead,2026-05-15 14:00:00,2026-05-15 14:00:00
431,287,56,co_instructor,2026-05-15 14:00:00,2026-05-15 14:00:00
432,288,181,lead,2026-05-15 14:00:00,2026-05-15 14:00:00
433,289,40,lead,2026-05-15 14:00:00,2026-05-15 14:00:00
434,289,167,co_instructor,2026-05-15 14:00:00,2026-05-15 14:00:00
435,290,165,lead,2026-05-15 14:00:00,2026-05-15 14:00:00
436,290,225,co_instructor,2026-05-15 14:00:00,2026-05-15 14:00:00
437,291,64,lead,2026-05-15 14:00:00,2026-05-15 14:00:00
438,292,117,lead,2026-05-15 14:00:00,2026-05-15 14:00:00
439,293,186,lead,2026-05-15 14:00:00,2026-05-15 14:00:00
440,294,145,lead,2026-05-15 14:00:00,2026-05-15 14:00:00
441,294,273,co_instructor,2026-05-15 14:00:00,2026-05-15 14:00:00
442,295,184,lead,2026-05-15 14:00:00,2026-05-15 14:00:00
443,296,105,lead,2026-05-15 14:00:00,2026-05-15 14:00:00
444,297,272,lead,2026-05-15 14:00:00,2026-05-15 14:00:00
445,298,100,lead,2026-05-15 14:00:00,2026-05-15 14:00:00
446,298,232,co_instructor,2026-05-15 14:00:00,2026-05-15 14:00:00
447,299,224,lead,2026-05-15 14:00:00,2026-05-15 14:00:00
448,299,95,co_instructor,2026-05-15 14:00:00,2026-05-15 14:00:00
449,300,92,lead,2026-05-15 14:00:00,2026-05-15 14:00:00
450,301,270,lead,2026-05-15 14:00:00,2026-05-15 14:00:00
451,301,141,co_instructor,2026-05-15 14:00:00,2026-05-15 14:00:00
452,302,222,lead,2026-05-15 14:00:00,2026-05-15 14:00:00
453,302,111,co_instructor,2026-05-15 14:00:00,2026-05-15 14:00:00
454,303,126,lead,2026-05-15 14:00:00,2026-05-15 14:00:00
455,304,82,lead,2026-05-15 14:00:00,2026-05-15 14:00:00
456,304,220,co_instructor,2026-05-15 14:00:00,2026-05-15 14:00:00
457,305,247,lead,2026-05-15 14:00:00,2026-05-15 14:00:00
458,306,251,lead,2026-05-15 14:00:00,2026-05-15 14:00:00
459,306,126,co_instructor,2026-05-15 14:00:00,2026-05-15 14:00:00
460,307,94,lead,2026-05-15 14:00:00,2026-05-15 14:00:00
461,307,122,co_instructor,2026-05-15 14:00:00,2026-05-15 14:00:00
462,308,77,lead,2026-05-15 14:00:00,2026-05-15 14:00:00
463,308,16,co_instructor,2026-05-15 14:00:00,2026-05-15 14:00:00
464,309,1,lead,2026-05-15 14:00:00,2026-05-15 14:00:00
465,309,109,co_instructor,2026-05-15 14:00:00,2026-05-15 14:00:00
466,310,150,lead,2026-05-15 14:00:00,2026-05-15 14:00:00
467,311,220,lead,2026-05-15 14:00:00,2026-05-15 14:00:00
468,312,37,lead,2026-05-15 14:00:00,2026-05-15 14:00:00
469,313,174,lead,2026-05-15 14:00:00,2026-05-15 14:00:00
470,313,186,co_instructor,2026-05-15 14:00:00,2026-05-15 14:00:00
471,314,227,lead,2026-05-15 14:00:00,2026-05-15 14:00:00
472,314,251,co_instructor,2026-05-15 14:00:00,2026-05-15 14:00:00
473,315,188,lead,2026-05-15 14:00:00,2026-05-15 14:00:00
474,316,138,lead,2026-05-15 14:00:00,2026-05-15 14:00:00
475,316,247,co_instructor,2026-05-15 14:00:00,2026-05-15 14:00:00
476,317,2,lead,2026-05-15 14:00:00,2026-05-15 14:00:00
477,317,185,co_instructor,2026-05-15 14:00:00,2026-05-15 14:00:00
478,318,160,lead,2026-05-15 14:00:00,2026-05-15 14:00:00
479,318,231,co_instructor,2026-05-15 14:00:00,2026-05-15 14:00:00
480,319,59,lead,2026-05-15 14:00:00,2026-05-15 14:00:00
481,319,158,co_instructor,2026-05-15 14:00:00,2026-05-15 14:00:00
482,320,107,lead,2026-05-15 14:00:00,2026-05-15 14:00:00
483,321,238,lead,2026-05-15 14:00:00,2026-05-15 14:00:00
484,322,231,lead,2026-05-15 14:00:00,2026-05-15 14:00:00
485,322,97,co_instructor,2026-05-15 14:00:00,2026-05-15 14:00:00
486,323,178,lead,2026-05-15 14:00:00,2026-05-15 14:00:00
487,324,4,lead,2026-05-15 14:00:00,2026-05-15 14:00:00
488,324,18,co_instructor,2026-05-15 14:00:00,2026-05-15 14:00:00
489,325,50,lead,2026-05-15 14:00:00,2026-05-15 14:00:00
490,325,170,co_instructor,2026-05-15 14:00:00,2026-05-15 14:00:00
491,326,153,lead,2026-05-15 14:00:00,2026-05-15 14:00:00
492,326,169,co_instructor,2026-05-15 14:00:00,2026-05-15 14:00:00
493,327,252,lead,2026-05-15 14:00:00,2026-05-15 14:00:00
494,328,224,lead,2026-05-15 14:00:00,2026-05-15 14:00:00
495,329,274,lead,2026-05-15 14:00:00,2026-05-15 14:00:00
496,330,98,lead,2026-05-15 14:00:00,2026-05-15 14:00:00
497,330,93,co_instructor,2026-05-15 14:00:00,2026-05-15 14:00:00
498,331,224,lead,2026-05-15 14:00:00,2026-05-15 14:00:00
499,331,41,co_instructor,2026-05-15 14:00:00,2026-05-15 14:00:00
500,332,206,lead,2026-05-15 14:00:00,2026-05-15 14:00:00
501,333,92,lead,2026-05-15 14:00:00,2026-05-15 14:00:00
502,334,239,lead,2026-05-15 14:00:00,2026-05-15 14:00:00
503,334,42,co_instructor,2026-05-15 14:00:00,2026-05-15 14:00:00
504,335,264,lead,2026-05-15 14:00:00,2026-05-15 14:00:00
505,336,215,lead,2026-05-15 14:00:00,2026-05-15 14:00:00
506,336,101,co_instructor,2026-05-15 14:00:00,2026-05-15 14:00:00
507,337,161,lead,2026-05-15 14:00:00,2026-05-15 14:00:00
508,338,255,lead,2026-05-15 14:00:00,2026-05-15 14:00:00
509,338,202,co_instructor,2026-05-15 14:00:00,2026-05-15 14:00:00
510,339,129,lead,2026-05-15 14:00:00,2026-05-15 14:00:00
511,340,187,lead,2026-05-15 14:00:00,2026-05-15 14:00:00
512,341,202,lead,2026-05-15 14:00:00,2026-05-15 14:00:00
513,341,111,co_instructor,2026-05-15 14:00:00,2026-05-15 14:00:00
514,342,41,lead,2026-05-15 14:00:00,2026-05-15 14:00:00
515,342,261,co_instructor,2026-05-15 14:00:00,2026-05-15 14:00:00
516,343,232,lead,2026-05-15 14:00:00,2026-05-15 14:00:00
517,343,247,co_instructor,2026-05-15 14:00:00,2026-05-15 14:00:00
518,344,118,lead,2026-05-15 14:00:00,2026-05-15 14:00:00
519,344,172,co_instructor,2026-05-15 14:00:00,2026-05-15 14:00:00
520,345,185,lead,2026-05-15 14:00:00,2026-05-15 14:00:00
521,345,120,co_instructor,2026-05-15 14:00:00,2026-05-15 14:00:00
522,346,20,lead,2026-05-15 14:00:00,2026-05-15 14:00:00
523,346,55,co_instructor,2026-05-15 14:00:00,2026-05-15 14:00:00
524,347,237,lead,2026-05-15 14:00:00,2026-05-15 14:00:00
525,348,224,lead,2026-05-15 14:00:00,2026-05-15 14:00:00
526,348,213,co_instructor,2026-05-15 14:00:00,2026-05-15 14:00:00
527,349,229,lead,2026-05-15 14:00:00,2026-05-15 14:00:00
528,350,230,lead,2026-05-15 14:00:00,2026-05-15 14:00:00
529,350,245,co_instructor,2026-05-15 14:00:00,2026-05-15 14:00:00
530,351,146,lead,2026-05-15 14:00:00,2026-05-15 14:00:00
531,352,278,lead,2026-05-15 14:00:00,2026-05-15 14:00:00
532,352,122,co_instructor,2026-05-15 14:00:00,2026-05-15 14:00:00
533,353,198,lead,2026-05-15 14:00:00,2026-05-15 14:00:00
534,353,146,co_instructor,2026-05-15 14:00:00,2026-05-15 14:00:00
535,354,188,lead,2026-05-15 14:00:00,2026-05-15 14:00:00
536,354,219,co_instructor,2026-05-15 14:00:00,2026-05-15 14:00:00
537,355,91,lead,2026-05-15 14:00:00,2026-05-15 14:00:00
538,355,57,co_instructor,2026-05-15 14:00:00,2026-05-15 14:00:00
539,356,191,lead,2026-05-15 14:00:00,2026-05-15 14:00:00
540,357,260,lead,2026-05-15 14:00:00,2026-05-15 14:00:00
541,358,40,lead,2026-05-15 14:00:00,2026-05-15 14:00:00
542,358,136,co_instructor,2026-05-15 14:00:00,2026-05-15 14:00:00
543,359,82,lead,2026-05-15 14:00:00,2026-05-15 14:00:00
544,359,74,co_instructor,2026-05-15 14:00:00,2026-05-15 14:00:00
545,360,127,lead,2026-05-15 14:00:00,2026-05-15 14:00:00
546,361,262,lead,2026-05-15 14:00:00,2026-05-15 14:00:00
547,361,166,co_instructor,2026-05-15 14:00:00,2026-05-15 14:00:00
548,362,25,lead,2026-05-15 14:00:00,2026-05-15 14:00:00
549,363,110,lead,2026-05-15 14:00:00,2026-05-15 14:00:00
550,364,182,lead,2026-05-15 14:00:00,2026-05-15 14:00:00
551,364,16,co_instructor,2026-05-15 14:00:00,2026-05-15 14:00:00
552,365,3,lead,2026-05-15 14:00:00,2026-05-15 14:00:00
553,365,147,co_instructor,2026-05-15 14:00:00,2026-05-15 14:00:00
554,366,273,lead,2026-05-15 14:00:00,2026-05-15 14:00:00
555,366,135,co_instructor,2026-05-15 14:00:00,2026-05-15 14:00:00
556,367,35,lead,2026-05-15 14:00:00,2026-05-15 14:00:00
557,367,74,co_instructor,2026-05-15 14:00:00,2026-05-15 14:00:00
558,368,96,lead,2026-05-15 14:00:00,2026-05-15 14:00:00
559,369,249,lead,2026-05-15 14:00:00,2026-05-15 14:00:00
560,369,41,co_instructor,2026-05-15 14:00:00,2026-05-15 14:00:00
561,370,87,lead,2026-05-15 14:00:00,2026-05-15 14:00:00
562,370,76,co_instructor,2026-05-15 14:00:00,2026-05-15 14:00:00
563,371,62,lead,2026-05-15 14:00:00,2026-05-15 14:00:00
564,372,17,lead,2026-05-15 14:00:00,2026-05-15 14:00:00
565,372,172,co_instructor,2026-05-15 14:00:00,2026-05-15 14:00:00
566,373,191,lead,2026-05-15 14:00:00,2026-05-15 14:00:00
567,374,160,lead,2026-05-15 14:00:00,2026-05-15 14:00:00
568,374,34,co_instructor,2026-05-15 14:00:00,2026-05-15 14:00:00
569,375,18,lead,2026-05-15 14:00:00,2026-05-15 14:00:00
570,375,64,co_instructor,2026-05-15 14:00:00,2026-05-15 14:00:00
571,376,12,lead,2026-05-15 14:00:00,2026-05-15 14:00:00
572,377,117,lead,2026-05-15 14:00:00,2026-05-15 14:00:00
573,377,278,co_instructor,2026-05-15 14:00:00,2026-05-15 14:00:00
574,378,129,lead,2026-05-15 14:00:00,2026-05-15 14:00:00
575,378,204,co_instructor,2026-05-15 14:00:00,2026-05-15 14:00:00
576,379,273,lead,2026-05-15 14:00:00,2026-05-15 14:00:00
577,379,237,co_instructor,2026-05-15 14:00:00,2026-05-15 14:00:00
578,380,118,lead,2026-05-15 14:00:00,2026-05-15 14:00:00
579,381,206,lead,2026-05-15 14:00:00,2026-05-15 14:00:00
580,382,200,lead,2026-05-15 14:00:00,2026-05-15 14:00:00
581,383,179,lead,2026-05-15 14:00:00,2026-05-15 14:00:00
582,384,245,lead,2026-05-15 14:00:00,2026-05-15 14:00:00
583,384,268,co_instructor,2026-05-15 14:00:00,2026-05-15 14:00:00
584,385,70,lead,2026-05-15 14:00:00,2026-05-15 14:00:00
585,385,103,co_instructor,2026-05-15 14:00:00,2026-05-15 14:00:00
586,386,158,lead,2026-05-15 14:00:00,2026-05-15 14:00:00
587,386,36,co_instructor,2026-05-15 14:00:00,2026-05-15 14:00:00
588,387,19,lead,2026-05-15 14:00:00,2026-05-15 14:00:00
589,388,36,lead,2026-05-15 14:00:00,2026-05-15 14:00:00
590,388,73,co_instructor,2026-05-15 14:00:00,2026-05-15 14:00:00
591,389,1,lead,2026-05-15 14:00:00,2026-05-15 14:00:00
592,390,163,lead,2026-05-15 14:00:00,2026-05-15 14:00:00
593,391,100,lead,2026-05-15 14:00:00,2026-05-15 14:00:00
594,391,160,co_instructor,2026-05-15 14:00:00,2026-05-15 14:00:00
595,392,78,lead,2026-05-15 14:00:00,2026-05-15 14:00:00
596,393,210,lead,2026-05-15 14:00:00,2026-05-15 14:00:00
597,393,229,co_instructor,2026-05-15 14:00:00,2026-05-15 14:00:00
598,394,24,lead,2026-05-15 14:00:00,2026-05-15 14:00:00
599,395,174,lead,2026-05-15 14:00:00,2026-05-15 14:00:00
600,395,192,co_instructor,2026-05-15 14:00:00,2026-05-15 14:00:00
601,396,245,lead,2026-05-15 14:00:00,2026-05-15 14:00:00
602,396,143,co_instructor,2026-05-15 14:00:00,2026-05-15 14:00:00
603,397,157,lead,2026-05-15 14:00:00,2026-05-15 14:00:00
604,397,162,co_instructor,2026-05-15 14:00:00,2026-05-15 14:00:00
605,398,30,lead,2026-05-15 14:00:00,2026-05-15 14:00:00
606,399,236,lead,2026-05-15 14:00:00,2026-05-15 14:00:00
607,400,12,lead,2026-05-15 14:00:00,2026-05-15 14:00:00
608,400,25,co_instructor,2026-05-15 14:00:00,2026-05-15 14:00:00
609,401,200,lead,2026-05-15 14:00:00,2026-05-15 14:00:00
610,402,206,lead,2026-05-15 14:00:00,2026-05-15 14:00:00
611,402,156,co_instructor,2026-05-15 14:00:00,2026-05-15 14:00:00
612,403,146,lead,2026-05-15 14:00:00,2026-05-15 14:00:00
613,403,19,co_instructor,2026-05-15 14:00:00,2026-05-15 14:00:00
614,404,83,lead,2026-05-15 14:00:00,2026-05-15 14:00:00
615,404,77,co_instructor,2026-05-15 14:00:00,2026-05-15 14:00:00
616,405,251,lead,2026-05-15 14:00:00,2026-05-15 14:00:00
617,406,149,lead,2026-05-15 14:00:00,2026-05-15 14:00:00
618,407,204,lead,2026-05-15 14:00:00,2026-05-15 14:00:00
619,407,238,co_instructor,2026-05-15 14:00:00,2026-05-15 14:00:00
620,408,133,lead,2026-05-15 14:00:00,2026-05-15 14:00:00
621,408,150,co_instructor,2026-05-15 14:00:00,2026-05-15 14:00:00
622,409,134,lead,2026-05-15 14:00:00,2026-05-15 14:00:00
623,410,125,lead,2026-05-15 14:00:00,2026-05-15 14:00:00
624,411,165,lead,2026-05-15 14:00:00,2026-05-15 14:00:00
625,411,156,co_instructor,2026-05-15 14:00:00,2026-05-15 14:00:00
626,412,16,lead,2026-05-15 14:00:00,2026-05-15 14:00:00
627,412,46,co_instructor,2026-05-15 14:00:00,2026-05-15 14:00:00
628,413,68,lead,2026-05-15 14:00:00,2026-05-15 14:00:00
629,413,104,co_instructor,2026-05-15 14:00:00,2026-05-15 14:00:00
630,414,116,lead,2026-05-15 14:00:00,2026-05-15 14:00:00
631,415,45,lead,2026-05-15 14:00:00,2026-05-15 14:00:00
632,416,259,lead,2026-05-15 14:00:00,2026-05-15 14:00:00
633,417,118,lead,2026-05-15 14:00:00,2026-05-15 14:00:00
634,417,246,co_instructor,2026-05-15 14:00:00,2026-05-15 14:00:00
635,418,242,lead,2026-05-15 14:00:00,2026-05-15 14:00:00
636,419,255,lead,2026-05-15 14:00:00,2026-05-15 14:00:00
637,420,274,lead,2026-05-15 14:00:00,2026-05-15 14:00:00
638,420,62,co_instructor,2026-05-15 14:00:00,2026-05-15 14:00:00
639,421,7,lead,2026-05-15 14:00:00,2026-05-15 14:00:00
640,422,220,lead,2026-05-15 14:00:00,2026-05-15 14:00:00
641,423,136,lead,2026-05-15 14:00:00,2026-05-15 14:00:00
642,423,34,co_instructor,2026-05-15 14:00:00,2026-05-15 14:00:00
643,424,276,lead,2026-05-15 14:00:00,2026-05-15 14:00:00
644,424,78,co_instructor,2026-05-15 14:00:00,2026-05-15 14:00:00
645,425,71,lead,2026-05-15 14:00:00,2026-05-15 14:00:00
646,425,267,co_instructor,2026-05-15 14:00:00,2026-05-15 14:00:00
647,426,174,lead,2026-05-15 14:00:00,2026-05-15 14:00:00
648,427,228,lead,2026-05-15 14:00:00,2026-05-15 14:00:00
649,427,225,co_instructor,2026-05-15 14:00:00,2026-05-15 14:00:00
650,428,144,lead,2026-05-15 14:00:00,2026-05-15 14:00:00
651,428,231,co_instructor,2026-05-15 14:00:00,2026-05-15 14:00:00
652,429,106,lead,2026-05-15 14:00:00,2026-05-15 14:00:00
653,429,122,co_instructor,2026-05-15 14:00:00,2026-05-15 14:00:00
654,430,199,lead,2026-05-15 14:00:00,2026-05-15 14:00:00
655,431,176,lead,2026-05-15 14:00:00,2026-05-15 14:00:00
656,431,80,co_instructor,2026-05-15 14:00:00,2026-05-15 14:00:00
657,432,87,lead,2026-05-15 14:00:00,2026-05-15 14:00:00
658,432,264,co_instructor,2026-05-15 14:00:00,2026-05-15 14:00:00
659,433,271,lead,2026-05-15 14:00:00,2026-05-15 14:00:00
660,434,34,lead,2026-05-15 14:00:00,2026-05-15 14:00:00
661,434,115,co_instructor,2026-05-15 14:00:00,2026-05-15 14:00:00
662,435,155,lead,2026-05-15 14:00:00,2026-05-15 14:00:00
663,435,11,co_instructor,2026-05-15 14:00:00,2026-05-15 14:00:00
664,436,159,lead,2026-05-15 14:00:00,2026-05-15 14:00:00
665,436,120,co_instructor,2026-05-15 14:00:00,2026-05-15 14:00:00
666,437,40,lead,2026-05-15 14:00:00,2026-05-15 14:00:00
667,437,237,co_instructor,2026-05-15 14:00:00,2026-05-15 14:00:00
668,438,163,lead,2026-05-15 14:00:00,2026-05-15 14:00:00
669,439,256,lead,2026-05-15 14:00:00,2026-05-15 14:00:00
670,439,150,co_instructor,2026-05-15 14:00:00,2026-05-15 14:00:00
671,440,227,lead,2026-05-15 14:00:00,2026-05-15 14:00:00
672,441,46,lead,2026-05-15 14:00:00,2026-05-15 14:00:00
673,442,67,lead,2026-05-15 14:00:00,2026-05-15 14:00:00
674,442,187,co_instructor,2026-05-15 14:00:00,2026-05-15 14:00:00
675,443,184,lead,2026-05-15 14:00:00,2026-05-15 14:00:00
676,443,112,co_instructor,2026-05-15 14:00:00,2026-05-15 14:00:00
677,444,44,lead,2026-05-15 14:00:00,2026-05-15 14:00:00
678,444,275,co_instructor,2026-05-15 14:00:00,2026-05-15 14:00:00
679,445,22,lead,2026-05-15 14:00:00,2026-05-15 14:00:00
680,445,160,co_instructor,2026-05-15 14:00:00,2026-05-15 14:00:00
681,446,68,lead,2026-05-15 14:00:00,2026-05-15 14:00:00
682,446,53,co_instructor,2026-05-15 14:00:00,2026-05-15 14:00:00
683,447,145,lead,2026-05-15 14:00:00,2026-05-15 14:00:00
684,448,73,lead,2026-05-15 14:00:00,2026-05-15 14:00:00
685,449,4,lead,2026-05-15 14:00:00,2026-05-15 14:00:00
686,450,94,lead,2026-05-15 14:00:00,2026-05-15 14:00:00
687,450,275,co_instructor,2026-05-15 14:00:00,2026-05-15 14:00:00
688,451,257,lead,2026-05-15 14:00:00,2026-05-15 14:00:00
689,451,25,co_instructor,2026-05-15 14:00:00,2026-05-15 14:00:00
690,452,75,lead,2026-05-15 14:00:00,2026-05-15 14:00:00
691,452,190,co_instructor,2026-05-15 14:00:00,2026-05-15 14:00:00
692,453,35,lead,2026-05-15 14:00:00,2026-05-15 14:00:00
693,453,171,co_instructor,2026-05-15 14:00:00,2026-05-15 14:00:00
694,454,218,lead,2026-05-15 14:00:00,2026-05-15 14:00:00
695,454,81,co_instructor,2026-05-15 14:00:00,2026-05-15 14:00:00
696,455,238,lead,2026-05-15 14:00:00,2026-05-15 14:00:00
697,456,25,lead,2026-05-15 14:00:00,2026-05-15 14:00:00
698,457,214,lead,2026-05-15 14:00:00,2026-05-15 14:00:00
699,458,120,lead,2026-05-15 14:00:00,2026-05-15 14:00:00
700,458,240,co_instructor,2026-05-15 14:00:00,2026-05-15 14:00:00
701,459,98,lead,2026-05-15 14:00:00,2026-05-15 14:00:00
702,460,36,lead,2026-05-15 14:00:00,2026-05-15 14:00:00
703,461,119,lead,2026-05-15 14:00:00,2026-05-15 14:00:00
704,461,128,co_instructor,2026-05-15 14:00:00,2026-05-15 14:00:00
705,462,77,lead,2026-05-15 14:00:00,2026-05-15 14:00:00
706,463,223,lead,2026-05-15 14:00:00,2026-05-15 14:00:00
707,464,189,lead,2026-05-15 14:00:00,2026-05-15 14:00:00
708,464,191,co_instructor,2026-05-15 14:00:00,2026-05-15 14:00:00
709,465,112,lead,2026-05-15 14:00:00,2026-05-15 14:00:00
710,466,189,lead,2026-05-15 14:00:00,2026-05-15 14:00:00
711,467,128,lead,2026-05-15 14:00:00,2026-05-15 14:00:00
712,468,162,lead,2026-05-15 14:00:00,2026-05-15 14:00:00
713,469,126,lead,2026-05-15 14:00:00,2026-05-15 14:00:00
714,470,41,lead,2026-05-15 14:00:00,2026-05-15 14:00:00
715,471,105,lead,2026-05-15 14:00:00,2026-05-15 14:00:00
716,471,89,co_instructor,2026-05-15 14:00:00,2026-05-15 14:00:00
717,472,2,lead,2026-05-15 14:00:00,2026-05-15 14:00:00
718,473,252,lead,2026-05-15 14:00:00,2026-05-15 14:00:00
719,474,231,lead,2026-05-15 14:00:00,2026-05-15 14:00:00
720,475,11,lead,2026-05-15 14:00:00,2026-05-15 14:00:00
721,476,233,lead,2026-05-15 14:00:00,2026-05-15 14:00:00
722,476,226,co_instructor,2026-05-15 14:00:00,2026-05-15 14:00:00
723,477,232,lead,2026-05-15 14:00:00,2026-05-15 14:00:00
724,477,108,co_instructor,2026-05-15 14:00:00,2026-05-15 14:00:00
725,478,86,lead,2026-05-15 14:00:00,2026-05-15 14:00:00
726,478,223,co_instructor,2026-05-15 14:00:00,2026-05-15 14:00:00
727,479,87,lead,2026-05-15 14:00:00,2026-05-15 14:00:00
728,480,37,lead,2026-05-15 14:00:00,2026-05-15 14:00:00
729,480,117,co_instructor,2026-05-15 14:00:00,2026-05-15 14:00:00
730,481,189,lead,2026-05-15 14:00:00,2026-05-15 14:00:00
731,481,183,co_instructor,2026-05-15 14:00:00,2026-05-15 14:00:00
732,482,164,lead,2026-05-15 14:00:00,2026-05-15 14:00:00
733,482,56,co_instructor,2026-05-15 14:00:00,2026-05-15 14:00:00
734,483,90,lead,2026-05-15 14:00:00,2026-05-15 14:00:00
735,483,214,co_instructor,2026-05-15 14:00:00,2026-05-15 14:00:00
736,484,232,lead,2026-05-15 14:00:00,2026-05-15 14:00:00
737,485,113,lead,2026-05-15 14:00:00,2026-05-15 14:00:00
738,486,122,lead,2026-05-15 14:00:00,2026-05-15 14:00:00
739,486,58,co_instructor,2026-05-15 14:00:00,2026-05-15 14:00:00
740,487,28,lead,2026-05-15 14:00:00,2026-05-15 14:00:00
741,488,255,lead,2026-05-15 14:00:00,2026-05-15 14:00:00
742,489,49,lead,2026-05-15 14:00:00,2026-05-15 14:00:00
743,490,10,lead,2026-05-15 14:00:00,2026-05-15 14:00:00
744,490,162,co_instructor,2026-05-15 14:00:00,2026-05-15 14:00:00
745,491,173,lead,2026-05-15 14:00:00,2026-05-15 14:00:00
746,492,50,lead,2026-05-15 14:00:00,2026-05-15 14:00:00
747,492,117,co_instructor,2026-05-15 14:00:00,2026-05-15 14:00:00
748,493,221,lead,2026-05-15 14:00:00,2026-05-15 14:00:00
749,493,150,co_instructor,2026-05-15 14:00:00,2026-05-15 14:00:00
750,494,243,lead,2026-05-15 14:00:00,2026-05-15 14:00:00
751,494,30,co_instructor,2026-05-15 14:00:00,2026-05-15 14:00:00
752,495,238,lead,2026-05-15 14:00:00,2026-05-15 14:00:00
753,496,149,lead,2026-05-15 14:00:00,2026-05-15 14:00:00
754,496,144,co_instructor,2026-05-15 14:00:00,2026-05-15 14:00:00
755,497,158,lead,2026-05-15 14:00:00,2026-05-15 14:00:00
756,498,79,lead,2026-05-15 14:00:00,2026-05-15 14:00:00
757,498,12,co_instructor,2026-05-15 14:00:00,2026-05-15 14:00:00
758,499,172,lead,2026-05-15 14:00:00,2026-05-15 14:00:00
759,499,191,co_instructor,2026-05-15 14:00:00,2026-05-15 14:00:00
760,500,73,lead,2026-05-15 14:00:00,2026-05-15 14:00:00
761,501,256,lead,2026-05-15 14:00:00,2026-05-15 14:00:00
762,502,162,lead,2026-05-15 14:00:00,2026-05-15 14:00:00
763,502,153,co_instructor,2026-05-15 14:00:00,2026-05-15 14:00:00
764,503,83,lead,2026-05-15 14:00:00,2026-05-15 14:00:00
765,504,77,lead,2026-05-15 14:00:00,2026-05-15 14:00:00
766,504,262,co_instructor,2026-05-15 14:00:00,2026-05-15 14:00:00
767,505,198,lead,2026-05-15 14:00:00,2026-05-15 14:00:00
768,506,240,lead,2026-05-15 14:00:00,2026-05-15 14:00:00
769,507,134,lead,2026-05-15 14:00:00,2026-05-15 14:00:00
770,508,94,lead,2026-05-15 14:00:00,2026-05-15 14:00:00
771,509,24,lead,2026-05-15 14:00:00,2026-05-15 14:00:00
772,510,96,lead,2026-05-15 14:00:00,2026-05-15 14:00:00
773,510,12,co_instructor,2026-05-15 14:00:00,2026-05-15 14:00:00
774,511,139,lead,2026-05-15 14:00:00,2026-05-15 14:00:00
775,511,271,co_instructor,2026-05-15 14:00:00,2026-05-15 14:00:00
776,512,153,lead,2026-05-15 14:00:00,2026-05-15 14:00:00
777,512,270,co_instructor,2026-05-15 14:00:00,2026-05-15 14:00:00
778,513,60,lead,2026-05-15 14:00:00,2026-05-15 14:00:00
779,513,217,co_instructor,2026-05-15 14:00:00,2026-05-15 14:00:00
780,514,84,lead,2026-05-15 14:00:00,2026-05-15 14:00:00
781,514,223,co_instructor,2026-05-15 14:00:00,2026-05-15 14:00:00
782,515,210,lead,2026-05-15 14:00:00,2026-05-15 14:00:00
783,515,275,co_instructor,2026-05-15 14:00:00,2026-05-15 14:00:00
784,516,260,lead,2026-05-15 14:00:00,2026-05-15 14:00:00
785,517,264,lead,2026-05-15 14:00:00,2026-05-15 14:00:00
786,518,203,lead,2026-05-15 14:00:00,2026-05-15 14:00:00
787,519,85,lead,2026-05-15 14:00:00,2026-05-15 14:00:00
788,519,36,co_instructor,2026-05-15 14:00:00,2026-05-15 14:00:00
789,520,230,lead,2026-05-15 14:00:00,2026-05-15 14:00:00
790,521,227,lead,2026-05-15 14:00:00,2026-05-15 14:00:00
791,521,54,co_instructor,2026-05-15 14:00:00,2026-05-15 14:00:00
792,522,147,lead,2026-05-15 14:00:00,2026-05-15 14:00:00
793,522,1,co_instructor,2026-05-15 14:00:00,2026-05-15 14:00:00
794,523,92,lead,2026-05-15 14:00:00,2026-05-15 14:00:00
795,524,50,lead,2026-05-15 14:00:00,2026-05-15 14:00:00
796,525,139,lead,2026-05-15 14:00:00,2026-05-15 14:00:00
797,526,195,lead,2026-05-15 14:00:00,2026-05-15 14:00:00
798,526,61,co_instructor,2026-05-15 14:00:00,2026-05-15 14:00:00
799,527,218,lead,2026-05-15 14:00:00,2026-05-15 14:00:00
800,527,77,co_instructor,2026-05-15 14:00:00,2026-05-15 14:00:00
801,528,189,lead,2026-05-15 14:00:00,2026-05-15 14:00:00
802,528,42,co_instructor,2026-05-15 14:00:00,2026-05-15 14:00:00
803,529,80,lead,2026-05-15 14:00:00,2026-05-15 14:00:00
804,529,40,co_instructor,2026-05-15 14:00:00,2026-05-15 14:00:00
805,530,15,lead,2026-05-15 14:00:00,2026-05-15 14:00:00
806,530,185,co_instructor,2026-05-15 14:00:00,2026-05-15 14:00:00
807,531,163,lead,2026-05-15 14:00:00,2026-05-15 14:00:00
808,531,215,co_instructor,2026-05-15 14:00:00,2026-05-15 14:00:00
809,532,241,lead,2026-05-15 14:00:00,2026-05-15 14:00:00
810,533,14,lead,2026-05-15 14:00:00,2026-05-15 14:00:00
811,534,277,lead,2026-05-15 14:00:00,2026-05-15 14:00:00
812,535,154,lead,2026-05-15 14:00:00,2026-05-15 14:00:00
813,535,182,co_instructor,2026-05-15 14:00:00,2026-05-15 14:00:00
814,536,44,lead,2026-05-15 14:00:00,2026-05-15 14:00:00
815,537,6,lead,2026-05-15 14:00:00,2026-05-15 14:00:00
816,537,38,co_instructor,2026-05-15 14:00:00,2026-05-15 14:00:00
817,538,259,lead,2026-05-15 14:00:00,2026-05-15 14:00:00
818,539,15,lead,2026-05-15 14:00:00,2026-05-15 14:00:00
819,540,78,lead,2026-05-15 14:00:00,2026-05-15 14:00:00
820,541,105,lead,2026-05-15 14:00:00,2026-05-15 14:00:00
821,541,80,co_instructor,2026-05-15 14:00:00,2026-05-15 14:00:00
822,542,204,lead,2026-05-15 14:00:00,2026-05-15 14:00:00
823,542,134,co_instructor,2026-05-15 14:00:00,2026-05-15 14:00:00
824,543,259,lead,2026-05-15 14:00:00,2026-05-15 14:00:00
825,543,166,co_instructor,2026-05-15 14:00:00,2026-05-15 14:00:00
826,544,197,lead,2026-05-15 14:00:00,2026-05-15 14:00:00
827,544,181,co_instructor,2026-05-15 14:00:00,2026-05-15 14:00:00
828,545,158,lead,2026-05-15 14:00:00,2026-05-15 14:00:00
829,546,27,lead,2026-05-15 14:00:00,2026-05-15 14:00:00
830,546,65,co_instructor,2026-05-15 14:00:00,2026-05-15 14:00:00
831,547,226,lead,2026-05-15 14:00:00,2026-05-15 14:00:00
832,548,4,lead,2026-05-15 14:00:00,2026-05-15 14:00:00
833,549,177,lead,2026-05-15 14:00:00,2026-05-15 14:00:00
834,550,3,lead,2026-05-15 14:00:00,2026-05-15 14:00:00
835,551,175,lead,2026-05-15 14:00:00,2026-05-15 14:00:00
836,551,116,co_instructor,2026-05-15 14:00:00,2026-05-15 14:00:00
837,552,170,lead,2026-05-15 14:00:00,2026-05-15 14:00:00
838,553,58,lead,2026-05-15 14:00:00,2026-05-15 14:00:00
839,554,14,lead,2026-05-15 14:00:00,2026-05-15 14:00:00
840,554,149,co_instructor,2026-05-15 14:00:00,2026-05-15 14:00:00
841,555,268,lead,2026-05-15 14:00:00,2026-05-15 14:00:00
842,556,115,lead,2026-05-15 14:00:00,2026-05-15 14:00:00
843,557,111,lead,2026-05-15 14:00:00,2026-05-15 14:00:00
844,557,202,co_instructor,2026-05-15 14:00:00,2026-05-15 14:00:00
845,558,170,lead,2026-05-15 14:00:00,2026-05-15 14:00:00
846,558,98,co_instructor,2026-05-15 14:00:00,2026-05-15 14:00:00
847,559,247,lead,2026-05-15 14:00:00,2026-05-15 14:00:00
848,559,102,co_instructor,2026-05-15 14:00:00,2026-05-15 14:00:00
849,560,9,lead,2026-05-15 14:00:00,2026-05-15 14:00:00
850,561,146,lead,2026-05-15 14:00:00,2026-05-15 14:00:00
851,561,24,co_instructor,2026-05-15 14:00:00,2026-05-15 14:00:00
852,562,207,lead,2026-05-15 14:00:00,2026-05-15 14:00:00
853,563,221,lead,2026-05-15 14:00:00,2026-05-15 14:00:00
854,564,12,lead,2026-05-15 14:00:00,2026-05-15 14:00:00
855,565,10,lead,2026-05-15 14:00:00,2026-05-15 14:00:00
856,565,104,co_instructor,2026-05-15 14:00:00,2026-05-15 14:00:00
857,566,38,lead,2026-05-15 14:00:00,2026-05-15 14:00:00
858,566,156,co_instructor,2026-05-15 14:00:00,2026-05-15 14:00:00
859,567,32,lead,2026-05-15 14:00:00,2026-05-15 14:00:00
860,568,15,lead,2026-05-15 14:00:00,2026-05-15 14:00:00
861,568,153,co_instructor,2026-05-15 14:00:00,2026-05-15 14:00:00
862,569,80,lead,2026-05-15 14:00:00,2026-05-15 14:00:00
863,569,117,co_instructor,2026-05-15 14:00:00,2026-05-15 14:00:00
864,570,115,lead,2026-05-15 14:00:00,2026-05-15 14:00:00
865,571,11,lead,2026-05-15 14:00:00,2026-05-15 14:00:00
866,572,119,lead,2026-05-15 14:00:00,2026-05-15 14:00:00
867,572,57,co_instructor,2026-05-15 14:00:00,2026-05-15 14:00:00
868,573,54,lead,2026-05-15 14:00:00,2026-05-15 14:00:00
869,574,228,lead,2026-05-15 14:00:00,2026-05-15 14:00:00
870,574,44,co_instructor,2026-05-15 14:00:00,2026-05-15 14:00:00
871,575,11,lead,2026-05-15 14:00:00,2026-05-15 14:00:00
872,576,107,lead,2026-05-15 14:00:00,2026-05-15 14:00:00
873,576,63,co_instructor,2026-05-15 14:00:00,2026-05-15 14:00:00
874,577,105,lead,2026-05-15 14:00:00,2026-05-15 14:00:00
875,578,58,lead,2026-05-15 14:00:00,2026-05-15 14:00:00
876,578,67,co_instructor,2026-05-15 14:00:00,2026-05-15 14:00:00
877,579,127,lead,2026-05-15 14:00:00,2026-05-15 14:00:00
878,580,145,lead,2026-05-15 14:00:00,2026-05-15 14:00:00
879,581,92,lead,2026-05-15 14:00:00,2026-05-15 14:00:00
880,582,156,lead,2026-05-15 14:00:00,2026-05-15 14:00:00
881,583,196,lead,2026-05-15 14:00:00,2026-05-15 14:00:00
882,583,126,co_instructor,2026-05-15 14:00:00,2026-05-15 14:00:00
883,584,172,lead,2026-05-15 14:00:00,2026-05-15 14:00:00
884,585,184,lead,2026-05-15 14:00:00,2026-05-15 14:00:00
885,585,21,co_instructor,2026-05-15 14:00:00,2026-05-15 14:00:00
886,586,13,lead,2026-05-15 14:00:00,2026-05-15 14:00:00
887,586,35,co_instructor,2026-05-15 14:00:00,2026-05-15 14:00:00
888,587,19,lead,2026-05-15 14:00:00,2026-05-15 14:00:00
889,587,66,co_instructor,2026-05-15 14:00:00,2026-05-15 14:00:00
890,588,165,lead,2026-05-15 14:00:00,2026-05-15 14:00:00
891,589,189,lead,2026-05-15 14:00:00,2026-05-15 14:00:00
892,590,184,lead,2026-05-15 14:00:00,2026-05-15 14:00:00
893,590,98,co_instructor,2026-05-15 14:00:00,2026-05-15 14:00:00
894,591,233,lead,2026-05-15 14:00:00,2026-05-15 14:00:00
895,592,14,lead,2026-05-15 14:00:00,2026-05-15 14:00:00
896,593,206,lead,2026-05-15 14:00:00,2026-05-15 14:00:00
897,594,60,lead,2026-05-15 14:00:00,2026-05-15 14:00:00
898,595,106,lead,2026-05-15 14:00:00,2026-05-15 14:00:00
899,596,136,lead,2026-05-15 14:00:00,2026-05-15 14:00:00
900,597,149,lead,2026-05-15 14:00:00,2026-05-15 14:00:00
901,598,9,lead,2026-05-15 14:00:00,2026-05-15 14:00:00
902,599,220,lead,2026-05-15 14:00:00,2026-05-15 14:00:00
903,599,57,co_instructor,2026-05-15 14:00:00,2026-05-15 14:00:00
904,600,101,lead,2026-05-15 14:00:00,2026-05-15 14:00:00
905,600,196,co_instructor,2026-05-15 14:00:00,2026-05-15 14:00:00
906,601,227,lead,2026-05-15 14:00:00,2026-05-15 14:00:00
907,601,28,co_instructor,2026-05-15 14:00:00,2026-05-15 14:00:00
908,602,65,lead,2026-05-15 14:00:00,2026-05-15 14:00:00
909,602,47,co_instructor,2026-05-15 14:00:00,2026-05-15 14:00:00
910,603,177,lead,2026-05-15 14:00:00,2026-05-15 14:00:00
911,604,12,lead,2026-05-15 14:00:00,2026-05-15 14:00:00
912,605,190,lead,2026-05-15 14:00:00,2026-05-15 14:00:00
913,606,137,lead,2026-05-15 14:00:00,2026-05-15 14:00:00
914,606,161,co_instructor,2026-05-15 14:00:00,2026-05-15 14:00:00
915,607,97,lead,2026-05-15 14:00:00,2026-05-15 14:00:00
916,607,252,co_instructor,2026-05-15 14:00:00,2026-05-15 14:00:00
917,608,222,lead,2026-05-15 14:00:00,2026-05-15 14:00:00
918,609,158,lead,2026-05-15 14:00:00,2026-05-15 14:00:00
919,609,271,co_instructor,2026-05-15 14:00:00,2026-05-15 14:00:00
920,610,272,lead,2026-05-15 14:00:00,2026-05-15 14:00:00
921,611,36,lead,2026-05-15 14:00:00,2026-05-15 14:00:00
922,612,216,lead,2026-05-15 14:00:00,2026-05-15 14:00:00
923,613,80,lead,2026-05-15 14:00:00,2026-05-15 14:00:00
924,613,127,co_instructor,2026-05-15 14:00:00,2026-05-15 14:00:00
925,614,245,lead,2026-05-15 14:00:00,2026-05-15 14:00:00
926,614,194,co_instructor,2026-05-15 14:00:00,2026-05-15 14:00:00
927,615,111,lead,2026-05-15 14:00:00,2026-05-15 14:00:00
928,615,265,co_instructor,2026-05-15 14:00:00,2026-05-15 14:00:00
929,616,44,lead,2026-05-15 14:00:00,2026-05-15 14:00:00
930,617,84,lead,2026-05-15 14:00:00,2026-05-15 14:00:00
931,618,169,lead,2026-05-15 14:00:00,2026-05-15 14:00:00
932,619,278,lead,2026-05-15 14:00:00,2026-05-15 14:00:00
933,620,118,lead,2026-05-15 14:00:00,2026-05-15 14:00:00
934,620,51,co_instructor,2026-05-15 14:00:00,2026-05-15 14:00:00
935,621,42,lead,2026-05-15 14:00:00,2026-05-15 14:00:00
936,622,126,lead,2026-05-15 14:00:00,2026-05-15 14:00:00
937,622,5,co_instructor,2026-05-15 14:00:00,2026-05-15 14:00:00
938,623,123,lead,2026-05-15 14:00:00,2026-05-15 14:00:00
939,624,234,lead,2026-05-15 14:00:00,2026-05-15 14:00:00
940,624,253,co_instructor,2026-05-15 14:00:00,2026-05-15 14:00:00
941,625,149,lead,2026-05-15 14:00:00,2026-05-15 14:00:00
942,625,256,co_instructor,2026-05-15 14:00:00,2026-05-15 14:00:00
943,626,146,lead,2026-05-15 14:00:00,2026-05-15 14:00:00
944,626,198,co_instructor,2026-05-15 14:00:00,2026-05-15 14:00:00
945,627,228,lead,2026-05-15 14:00:00,2026-05-15 14:00:00
946,628,258,lead,2026-05-15 14:00:00,2026-05-15 14:00:00
947,628,201,co_instructor,2026-05-15 14:00:00,2026-05-15 14:00:00
948,629,151,lead,2026-05-15 14:00:00,2026-05-15 14:00:00
949,630,228,lead,2026-05-15 14:00:00,2026-05-15 14:00:00
950,630,17,co_instructor,2026-05-15 14:00:00,2026-05-15 14:00:00
951,631,80,lead,2026-05-15 14:00:00,2026-05-15 14:00:00
952,631,98,co_instructor,2026-05-15 14:00:00,2026-05-15 14:00:00
953,632,207,lead,2026-05-15 14:00:00,2026-05-15 14:00:00
954,632,105,co_instructor,2026-05-15 14:00:00,2026-05-15 14:00:00
955,633,113,lead,2026-05-15 14:00:00,2026-05-15 14:00:00
956,633,44,co_instructor,2026-05-15 14:00:00,2026-05-15 14:00:00
957,634,63,lead,2026-05-15 14:00:00,2026-05-15 14:00:00
958,634,137,co_instructor,2026-05-15 14:00:00,2026-05-15 14:00:00
959,635,32,lead,2026-05-15 14:00:00,2026-05-15 14:00:00
960,636,254,lead,2026-05-15 14:00:00,2026-05-15 14:00:00
961,637,148,lead,2026-05-15 14:00:00,2026-05-15 14:00:00
962,638,120,lead,2026-05-15 14:00:00,2026-05-15 14:00:00
963,639,126,lead,2026-05-15 14:00:00,2026-05-15 14:00:00
964,639,41,co_instructor,2026-05-15 14:00:00,2026-05-15 14:00:00
965,640,63,lead,2026-05-15 14:00:00,2026-05-15 14:00:00
966,640,23,co_instructor,2026-05-15 14:00:00,2026-05-15 14:00:00
967,641,121,lead,2026-05-15 14:00:00,2026-05-15 14:00:00
968,641,75,co_instructor,2026-05-15 14:00:00,2026-05-15 14:00:00
969,642,4,lead,2026-05-15 14:00:00,2026-05-15 14:00:00
970,643,18,lead,2026-05-15 14:00:00,2026-05-15 14:00:00
971,644,18,lead,2026-05-15 14:00:00,2026-05-15 14:00:00
972,645,53,lead,2026-05-15 14:00:00,2026-05-15 14:00:00
973,646,215,lead,2026-05-15 14:00:00,2026-05-15 14:00:00
974,646,141,co_instructor,2026-05-15 14:00:00,2026-05-15 14:00:00
975,647,191,lead,2026-05-15 14:00:00,2026-05-15 14:00:00
976,647,155,co_instructor,2026-05-15 14:00:00,2026-05-15 14:00:00
977,648,154,lead,2026-05-15 14:00:00,2026-05-15 14:00:00
978,649,212,lead,2026-05-15 14:00:00,2026-05-15 14:00:00
979,649,108,co_instructor,2026-05-15 14:00:00,2026-05-15 14:00:00
980,650,138,lead,2026-05-15 14:00:00,2026-05-15 14:00:00
981,650,16,co_instructor,2026-05-15 14:00:00,2026-05-15 14:00:00
982,651,210,lead,2026-05-15 14:00:00,2026-05-15 14:00:00
983,652,64,lead,2026-05-15 14:00:00,2026-05-15 14:00:00
984,652,31,co_instructor,2026-05-15 14:00:00,2026-05-15 14:00:00
985,653,199,lead,2026-05-15 14:00:00,2026-05-15 14:00:00
986,654,87,lead,2026-05-15 14:00:00,2026-05-15 14:00:00
987,654,222,co_instructor,2026-05-15 14:00:00,2026-05-15 14:00:00
988,655,178,lead,2026-05-15 14:00:00,2026-05-15 14:00:00
989,655,188,co_instructor,2026-05-15 14:00:00,2026-05-15 14:00:00
990,656,84,lead,2026-05-15 14:00:00,2026-05-15 14:00:00
991,656,150,co_instructor,2026-05-15 14:00:00,2026-05-15 14:00:00
992,657,32,lead,2026-05-15 14:00:00,2026-05-15 14:00:00
993,657,162,co_instructor,2026-05-15 14:00:00,2026-05-15 14:00:00
994,658,55,lead,2026-05-15 14:00:00,2026-05-15 14:00:00
995,659,33,lead,2026-05-15 14:00:00,2026-05-15 14:00:00
996,660,205,lead,2026-05-15 14:00:00,2026-05-15 14:00:00
997,661,127,lead,2026-05-15 14:00:00,2026-05-15 14:00:00
998,662,102,lead,2026-05-15 14:00:00,2026-05-15 14:00:00
999,662,223,co_instructor,2026-05-15 14:00:00,2026-05-15 14:00:00
1000,663,144,lead,2026-05-15 14:00:00,2026-05-15 14:00:00
1001,663,186,co_instructor,2026-05-15 14:00:00,2026-05-15 14:00:00
1002,664,235,lead,2026-05-15 14:00:00,2026-05-15 14:00:00
1003,664,85,co_instructor,2026-05-15 14:00:00,2026-05-15 14:00:00
1004,665,65,lead,2026-05-15 14:00:00,2026-05-15 14:00:00
1005,665,7,co_instructor,2026-05-15 14:00:00,2026-05-15 14:00:00
1006,666,273,lead,2026-05-15 14:00:00,2026-05-15 14:00:00
1007,666,225,co_instructor,2026-05-15 14:00:00,2026-05-15 14:00:00
1008,667,161,lead,2026-05-15 14:00:00,2026-05-15 14:00:00
1009,667,165,co_instructor,2026-05-15 14:00:00,2026-05-15 14:00:00
1010,668,105,lead,2026-05-15 14:00:00,2026-05-15 14:00:00
1011,668,231,co_instructor,2026-05-15 14:00:00,2026-05-15 14:00:00
1012,669,114,lead,2026-05-15 14:00:00,2026-05-15 14:00:00
1013,669,221,co_instructor,2026-05-15 14:00:00,2026-05-15 14:00:00
1014,670,218,lead,2026-05-15 14:00:00,2026-05-15 14:00:00
1015,670,153,co_instructor,2026-05-15 14:00:00,2026-05-15 14:00:00
1016,671,246,lead,2026-05-15 14:00:00,2026-05-15 14:00:00
1017,671,122,co_instructor,2026-05-15 14:00:00,2026-05-15 14:00:00
1018,672,176,lead,2026-05-15 14:00:00,2026-05-15 14:00:00
1019,672,146,co_instructor,2026-05-15 14:00:00,2026-05-15 14:00:00
1020,673,57,lead,2026-05-15 14:00:00,2026-05-15 14:00:00
1021,673,94,co_instructor,2026-05-15 14:00:00,2026-05-15 14:00:00
1022,674,169,lead,2026-05-15 14:00:00,2026-05-15 14:00:00
1023,674,101,co_instructor,2026-05-15 14:00:00,2026-05-15 14:00:00
1024,675,33,lead,2026-05-15 14:00:00,2026-05-15 14:00:00
1025,676,36,lead,2026-05-15 14:00:00,2026-05-15 14:00:00
1026,676,20,co_instructor,2026-05-15 14:00:00,2026-05-15 14:00:00
1027,677,268,lead,2026-05-15 14:00:00,2026-05-15 14:00:00
1028,677,215,co_instructor,2026-05-15 14:00:00,2026-05-15 14:00:00
1029,678,180,lead,2026-05-15 14:00:00,2026-05-15 14:00:00
1030,679,132,lead,2026-05-15 14:00:00,2026-05-15 14:00:00
1031,680,268,lead,2026-05-15 14:00:00,2026-05-15 14:00:00
1032,681,19,lead,2026-05-15 14:00:00,2026-05-15 14:00:00
1033,682,29,lead,2026-05-15 14:00:00,2026-05-15 14:00:00
1034,683,83,lead,2026-05-15 14:00:00,2026-05-15 14:00:00
1035,683,76,co_instructor,2026-05-15 14:00:00,2026-05-15 14:00:00
1036,684,43,lead,2026-05-15 14:00:00,2026-05-15 14:00:00
1037,684,261,co_instructor,2026-05-15 14:00:00,2026-05-15 14:00:00
1038,685,245,lead,2026-05-15 14:00:00,2026-05-15 14:00:00
1039,685,131,co_instructor,2026-05-15 14:00:00,2026-05-15 14:00:00
1040,686,109,lead,2026-05-15 14:00:00,2026-05-15 14:00:00
1041,687,255,lead,2026-05-15 14:00:00,2026-05-15 14:00:00
1042,687,249,co_instructor,2026-05-15 14:00:00,2026-05-15 14:00:00
1043,688,33,lead,2026-05-15 14:00:00,2026-05-15 14:00:00
1044,688,169,co_instructor,2026-05-15 14:00:00,2026-05-15 14:00:00
1045,689,235,lead,2026-05-15 14:00:00,2026-05-15 14:00:00
1046,689,228,co_instructor,2026-05-15 14:00:00,2026-05-15 14:00:00
1047,690,110,lead,2026-05-15 14:00:00,2026-05-15 14:00:00
1048,690,134,co_instructor,2026-05-15 14:00:00,2026-05-15 14:00:00
1049,691,89,lead,2026-05-15 14:00:00,2026-05-15 14:00:00
1050,691,256,co_instructor,2026-05-15 14:00:00,2026-05-15 14:00:00
1051,692,215,lead,2026-05-15 14:00:00,2026-05-15 14:00:00
1052,693,233,lead,2026-05-15 14:00:00,2026-05-15 14:00:00
1053,694,26,lead,2026-05-15 14:00:00,2026-05-15 14:00:00
1054,694,65,co_instructor,2026-05-15 14:00:00,2026-05-15 14:00:00
1055,695,242,lead,2026-05-15 14:00:00,2026-05-15 14:00:00
1056,695,143,co_instructor,2026-05-15 14:00:00,2026-05-15 14:00:00
1057,696,166,lead,2026-05-15 14:00:00,2026-05-15 14:00:00
1058,696,2,co_instructor,2026-05-15 14:00:00,2026-05-15 14:00:00
1059,697,72,lead,2026-05-15 14:00:00,2026-05-15 14:00:00
1060,698,95,lead,2026-05-15 14:00:00,2026-05-15 14:00:00
1061,699,263,lead,2026-05-15 14:00:00,2026-05-15 14:00:00
1062,700,42,lead,2026-05-15 14:00:00,2026-05-15 14:00:00
1063,701,68,lead,2026-05-15 14:00:00,2026-05-15 14:00:00
1064,701,75,co_instructor,2026-05-15 14:00:00,2026-05-15 14:00:00
1065,702,6,lead,2026-05-15 14:00:00,2026-05-15 14:00:00
1066,703,239,lead,2026-05-15 14:00:00,2026-05-15 14:00:00
1067,703,106,co_instructor,2026-05-15 14:00:00,2026-05-15 14:00:00
1068,704,111,lead,2026-05-15 14:00:00,2026-05-15 14:00:00
1069,704,169,co_instructor,2026-05-15 14:00:00,2026-05-15 14:00:00
1070,705,180,lead,2026-05-15 14:00:00,2026-05-15 14:00:00
1071,705,103,co_instructor,2026-05-15 14:00:00,2026-05-15 14:00:00
1072,706,82,lead,2026-05-15 14:00:00,2026-05-15 14:00:00
1073,707,132,lead,2026-05-15 14:00:00,2026-05-15 14:00:00
1074,707,103,co_instructor,2026-05-15 14:00:00,2026-05-15 14:00:00
1075,708,263,lead,2026-05-15 14:00:00,2026-05-15 14:00:00
1076,709,62,lead,2026-05-15 14:00:00,2026-05-15 14:00:00
1077,710,94,lead,2026-05-15 14:00:00,2026-05-15 14:00:00
1078,711,202,lead,2026-05-15 14:00:00,2026-05-15 14:00:00
1079,712,164,lead,2026-05-15 14:00:00,2026-05-15 14:00:00
1080,713,158,lead,2026-05-15 14:00:00,2026-05-15 14:00:00
1081,713,195,co_instructor,2026-05-15 14:00:00,2026-05-15 14:00:00
1082,714,180,lead,2026-05-15 14:00:00,2026-05-15 14:00:00
1083,715,35,lead,2026-05-15 14:00:00,2026-05-15 14:00:00
1084,716,219,lead,2026-05-15 14:00:00,2026-05-15 14:00:00
1085,716,240,co_instructor,2026-05-15 14:00:00,2026-05-15 14:00:00
1086,717,241,lead,2026-05-15 14:00:00,2026-05-15 14:00:00
1087,718,13,lead,2026-05-15 14:00:00,2026-05-15 14:00:00
1088,719,40,lead,2026-05-15 14:00:00,2026-05-15 14:00:00
1089,719,144,co_instructor,2026-05-15 14:00:00,2026-05-15 14:00:00
1090,720,45,lead,2026-05-15 14:00:00,2026-05-15 14:00:00
1091,720,159,co_instructor,2026-05-15 14:00:00,2026-05-15 14:00:00
1092,721,270,lead,2026-05-15 14:00:00,2026-05-15 14:00:00
1093,721,62,co_instructor,2026-05-15 14:00:00,2026-05-15 14:00:00
1094,722,108,lead,2026-05-15 14:00:00,2026-05-15 14:00:00
1095,723,191,lead,2026-05-15 14:00:00,2026-05-15 14:00:00
1096,724,259,lead,2026-05-15 14:00:00,2026-05-15 14:00:00
1097,724,198,co_instructor,2026-05-15 14:00:00,2026-05-15 14:00:00
1098,725,111,lead,2026-05-15 14:00:00,2026-05-15 14:00:00
1099,726,87,lead,2026-05-15 14:00:00,2026-05-15 14:00:00
1100,726,27,co_instructor,2026-05-15 14:00:00,2026-05-15 14:00:00
1101,727,23,lead,2026-05-15 14:00:00,2026-05-15 14:00:00
1102,727,180,co_instructor,2026-05-15 14:00:00,2026-05-15 14:00:00
1103,728,40,lead,2026-05-15 14:00:00,2026-05-15 14:00:00
1104,728,89,co_instructor,2026-05-15 14:00:00,2026-05-15 14:00:00
1105,729,273,lead,2026-05-15 14:00:00,2026-05-15 14:00:00
1106,730,192,lead,2026-05-15 14:00:00,2026-05-15 14:00:00
1107,731,71,lead,2026-05-15 14:00:00,2026-05-15 14:00:00
1108,731,251,co_instructor,2026-05-15 14:00:00,2026-05-15 14:00:00
1109,732,171,lead,2026-05-15 14:00:00,2026-05-15 14:00:00
1110,733,215,lead,2026-05-15 14:00:00,2026-05-15 14:00:00
1111,734,155,lead,2026-05-15 14:00:00,2026-05-15 14:00:00
1112,735,162,lead,2026-05-15 14:00:00,2026-05-15 14:00:00
1113,736,217,lead,2026-05-15 14:00:00,2026-05-15 14:00:00
1114,736,199,co_instructor,2026-05-15 14:00:00,2026-05-15 14:00:00
1115,737,180,lead,2026-05-15 14:00:00,2026-05-15 14:00:00
1116,738,122,lead,2026-05-15 14:00:00,2026-05-15 14:00:00
1117,738,156,co_instructor,2026-05-15 14:00:00,2026-05-15 14:00:00
1118,739,147,lead,2026-05-15 14:00:00,2026-05-15 14:00:00
1119,739,101,co_instructor,2026-05-15 14:00:00,2026-05-15 14:00:00
1120,740,107,lead,2026-05-15 14:00:00,2026-05-15 14:00:00
1121,740,164,co_instructor,2026-05-15 14:00:00,2026-05-15 14:00:00
1122,741,251,lead,2026-05-15 14:00:00,2026-05-15 14:00:00
1123,742,22,lead,2026-05-15 14:00:00,2026-05-15 14:00:00
1124,742,48,co_instructor,2026-05-15 14:00:00,2026-05-15 14:00:00
1125,743,125,lead,2026-05-15 14:00:00,2026-05-15 14:00:00
1126,744,6,lead,2026-05-15 14:00:00,2026-05-15 14:00:00
1127,745,216,lead,2026-05-15 14:00:00,2026-05-15 14:00:00
1128,745,244,co_instructor,2026-05-15 14:00:00,2026-05-15 14:00:00
1129,746,156,lead,2026-05-15 14:00:00,2026-05-15 14:00:00
1130,747,97,lead,2026-05-15 14:00:00,2026-05-15 14:00:00
1131,748,173,lead,2026-05-15 14:00:00,2026-05-15 14:00:00
1132,748,80,co_instructor,2026-05-15 14:00:00,2026-05-15 14:00:00
1133,749,148,lead,2026-05-15 14:00:00,2026-05-15 14:00:00
1134,749,255,co_instructor,2026-05-15 14:00:00,2026-05-15 14:00:00
1135,750,176,lead,2026-05-15 14:00:00,2026-05-15 14:00:00
1136,750,187,co_instructor,2026-05-15 14:00:00,2026-05-15 14:00:00
1137,751,163,lead,2026-05-15 14:00:00,2026-05-15 14:00:00
1138,752,27,lead,2026-05-15 14:00:00,2026-05-15 14:00:00
1139,753,34,lead,2026-05-15 14:00:00,2026-05-15 14:00:00
1140,753,189,co_instructor,2026-05-15 14:00:00,2026-05-15 14:00:00
1141,754,34,lead,2026-05-15 14:00:00,2026-05-15 14:00:00
1142,754,269,co_instructor,2026-05-15 14:00:00,2026-05-15 14:00:00
1143,755,223,lead,2026-05-15 14:00:00,2026-05-15 14:00:00
1144,756,109,lead,2026-05-15 14:00:00,2026-05-15 14:00:00
1145,756,271,co_instructor,2026-05-15 14:00:00,2026-05-15 14:00:00
1146,757,126,lead,2026-05-15 14:00:00,2026-05-15 14:00:00
1147,757,197,co_instructor,2026-05-15 14:00:00,2026-05-15 14:00:00
1148,758,184,lead,2026-05-15 14:00:00,2026-05-15 14:00:00
1149,759,80,lead,2026-05-15 14:00:00,2026-05-15 14:00:00
1150,760,49,lead,2026-05-15 14:00:00,2026-05-15 14:00:00
1151,760,137,co_instructor,2026-05-15 14:00:00,2026-05-15 14:00:00
1152,761,171,lead,2026-05-15 14:00:00,2026-05-15 14:00:00
1153,761,184,co_instructor,2026-05-15 14:00:00,2026-05-15 14:00:00
1154,762,201,lead,2026-05-15 14:00:00,2026-05-15 14:00:00
1155,762,263,co_instructor,2026-05-15 14:00:00,2026-05-15 14:00:00
1156,763,75,lead,2026-05-15 14:00:00,2026-05-15 14:00:00
1157,764,44,lead,2026-05-15 14:00:00,2026-05-15 14:00:00
1158,765,235,lead,2026-05-15 14:00:00,2026-05-15 14:00:00
1159,766,165,lead,2026-05-15 14:00:00,2026-05-15 14:00:00
1160,767,14,lead,2026-05-15 14:00:00,2026-05-15 14:00:00
1161,767,263,co_instructor,2026-05-15 14:00:00,2026-05-15 14:00:00
1162,768,16,lead,2026-05-15 14:00:00,2026-05-15 14:00:00
1163,769,18,lead,2026-05-15 14:00:00,2026-05-15 14:00:00
1164,770,232,lead,2026-05-15 14:00:00,2026-05-15 14:00:00
1165,771,223,lead,2026-05-15 14:00:00,2026-05-15 14:00:00
1166,771,272,co_instructor,2026-05-15 14:00:00,2026-05-15 14:00:00
1167,772,214,lead,2026-05-15 14:00:00,2026-05-15 14:00:00
1168,773,15,lead,2026-05-15 14:00:00,2026-05-15 14:00:00
1169,774,269,lead,2026-05-15 14:00:00,2026-05-15 14:00:00
1170,774,178,co_instructor,2026-05-15 14:00:00,2026-05-15 14:00:00
1171,775,125,lead,2026-05-15 14:00:00,2026-05-15 14:00:00
1172,775,114,co_instructor,2026-05-15 14:00:00,2026-05-15 14:00:00
1173,776,126,lead,2026-05-15 14:00:00,2026-05-15 14:00:00
1174,777,162,lead,2026-05-15 14:00:00,2026-05-15 14:00:00
1175,778,88,lead,2026-05-15 14:00:00,2026-05-15 14:00:00
1176,778,203,co_instructor,2026-05-15 14:00:00,2026-05-15 14:00:00
1177,779,52,lead,2026-05-15 14:00:00,2026-05-15 14:00:00
1178,779,107,co_instructor,2026-05-15 14:00:00,2026-05-15 14:00:00
1179,780,48,lead,2026-05-15 14:00:00,2026-05-15 14:00:00
1180,781,103,lead,2026-05-15 14:00:00,2026-05-15 14:00:00
1181,781,176,co_instructor,2026-05-15 14:00:00,2026-05-15 14:00:00
1182,782,254,lead,2026-05-15 14:00:00,2026-05-15 14:00:00
1183,782,41,co_instructor,2026-05-15 14:00:00,2026-05-15 14:00:00
1184,783,73,lead,2026-05-15 14:00:00,2026-05-15 14:00:00
1185,783,63,co_instructor,2026-05-15 14:00:00,2026-05-15 14:00:00
1186,784,190,lead,2026-05-15 14:00:00,2026-05-15 14:00:00
1187,785,205,lead,2026-05-15 14:00:00,2026-05-15 14:00:00
1188,785,24,co_instructor,2026-05-15 14:00:00,2026-05-15 14:00:00
1189,786,269,lead,2026-05-15 14:00:00,2026-05-15 14:00:00
1190,787,177,lead,2026-05-15 14:00:00,2026-05-15 14:00:00
1191,788,8,lead,2026-05-15 14:00:00,2026-05-15 14:00:00
1192,789,153,lead,2026-05-15 14:00:00,2026-05-15 14:00:00
1193,789,162,co_instructor,2026-05-15 14:00:00,2026-05-15 14:00:00
1194,790,42,lead,2026-05-15 14:00:00,2026-05-15 14:00:00
1195,790,81,co_instructor,2026-05-15 14:00:00,2026-05-15 14:00:00
1196,791,153,lead,2026-05-15 14:00:00,2026-05-15 14:00:00
1197,791,56,co_instructor,2026-05-15 14:00:00,2026-05-15 14:00:00
1198,792,216,lead,2026-05-15 14:00:00,2026-05-15 14:00:00
1199,793,43,lead,2026-05-15 14:00:00,2026-05-15 14:00:00
1200,794,74,lead,2026-05-15 14:00:00,2026-05-15 14:00:00
1201,795,200,lead,2026-05-15 14:00:00,2026-05-15 14:00:00
1202,795,5,co_instructor,2026-05-15 14:00:00,2026-05-15 14:00:00
1203,796,157,lead,2026-05-15 14:00:00,2026-05-15 14:00:00
1204,797,24,lead,2026-05-15 14:00:00,2026-05-15 14:00:00
1205,798,166,lead,2026-05-15 14:00:00,2026-05-15 14:00:00
1206,798,147,co_instructor,2026-05-15 14:00:00,2026-05-15 14:00:00
1207,799,27,lead,2026-05-15 14:00:00,2026-05-15 14:00:00
1208,800,255,lead,2026-05-15 14:00:00,2026-05-15 14:00:00
1209,801,128,lead,2026-05-15 14:00:00,2026-05-15 14:00:00
1210,801,107,co_instructor,2026-05-15 14:00:00,2026-05-15 14:00:00
1211,802,28,lead,2026-05-15 14:00:00,2026-05-15 14:00:00
1212,802,66,co_instructor,2026-05-15 14:00:00,2026-05-15 14:00:00
1213,803,278,lead,2026-05-15 14:00:00,2026-05-15 14:00:00
1214,804,37,lead,2026-05-15 14:00:00,2026-05-15 14:00:00
1215,805,248,lead,2026-05-15 14:00:00,2026-05-15 14:00:00
1216,805,45,co_instructor,2026-05-15 14:00:00,2026-05-15 14:00:00
1217,806,118,lead,2026-05-15 14:00:00,2026-05-15 14:00:00
1218,806,32,co_instructor,2026-05-15 14:00:00,2026-05-15 14:00:00
1219,807,36,lead,2026-05-15 14:00:00,2026-05-15 14:00:00
1220,808,46,lead,2026-05-15 14:00:00,2026-05-15 14:00:00
1221,808,222,co_instructor,2026-05-15 14:00:00,2026-05-15 14:00:00
1222,809,148,lead,2026-05-15 14:00:00,2026-05-15 14:00:00
1223,810,230,lead,2026-05-15 14:00:00,2026-05-15 14:00:00
1224,810,15,co_instructor,2026-05-15 14:00:00,2026-05-15 14:00:00
1225,811,95,lead,2026-05-15 14:00:00,2026-05-15 14:00:00
1226,811,226,co_instructor,2026-05-15 14:00:00,2026-05-15 14:00:00
1227,812,265,lead,2026-05-15 14:00:00,2026-05-15 14:00:00
1228,813,187,lead,2026-05-15 14:00:00,2026-05-15 14:00:00
1229,813,18,co_instructor,2026-05-15 14:00:00,2026-05-15 14:00:00
1230,814,183,lead,2026-05-15 14:00:00,2026-05-15 14:00:00
1231,814,207,co_instructor,2026-05-15 14:00:00,2026-05-15 14:00:00
1232,815,4,lead,2026-05-15 14:00:00,2026-05-15 14:00:00
1233,815,239,co_instructor,2026-05-15 14:00:00,2026-05-15 14:00:00
1234,816,38,lead,2026-05-15 14:00:00,2026-05-15 14:00:00
1235,817,132,lead,2026-05-15 14:00:00,2026-05-15 14:00:00
1236,817,70,co_instructor,2026-05-15 14:00:00,2026-05-15 14:00:00
1237,818,15,lead,2026-05-15 14:00:00,2026-05-15 14:00:00
1238,819,31,lead,2026-05-15 14:00:00,2026-05-15 14:00:00
1239,819,86,co_instructor,2026-05-15 14:00:00,2026-05-15 14:00:00
1240,820,229,lead,2026-05-15 14:00:00,2026-05-15 14:00:00
1241,820,116,co_instructor,2026-05-15 14:00:00,2026-05-15 14:00:00
1242,821,123,lead,2026-05-15 14:00:00,2026-05-15 14:00:00
1243,822,209,lead,2026-05-15 14:00:00,2026-05-15 14:00:00
1244,822,5,co_instructor,2026-05-15 14:00:00,2026-05-15 14:00:00
1245,823,251,lead,2026-05-15 14:00:00,2026-05-15 14:00:00
1246,823,270,co_instructor,2026-05-15 14:00:00,2026-05-15 14:00:00
1247,824,224,lead,2026-05-15 14:00:00,2026-05-15 14:00:00
1248,824,226,co_instructor,2026-05-15 14:00:00,2026-05-15 14:00:00
1249,825,198,lead,2026-05-15 14:00:00,2026-05-15 14:00:00
1250,826,258,lead,2026-05-15 14:00:00,2026-05-15 14:00:00
1251,827,106,lead,2026-05-15 14:00:00,2026-05-15 14:00:00
1252,828,226,lead,2026-05-15 14:00:00,2026-05-15 14:00:00
1253,828,237,co_instructor,2026-05-15 14:00:00,2026-05-15 14:00:00
1254,829,45,lead,2026-05-15 14:00:00,2026-05-15 14:00:00
1255,830,69,lead,2026-05-15 14:00:00,2026-05-15 14:00:00
1256,830,275,co_instructor,2026-05-15 14:00:00,2026-05-15 14:00:00
1257,831,6,lead,2026-05-15 14:00:00,2026-05-15 14:00:00
1258,832,249,lead,2026-05-15 14:00:00,2026-05-15 14:00:00
1259,832,17,co_instructor,2026-05-15 14:00:00,2026-05-15 14:00:00
1260,833,44,lead,2026-05-15 14:00:00,2026-05-15 14:00:00
1261,834,167,lead,2026-05-15 14:00:00,2026-05-15 14:00:00
1262,834,174,co_instructor,2026-05-15 14:00:00,2026-05-15 14:00:00
1263,835,179,lead,2026-05-15 14:00:00,2026-05-15 14:00:00
1264,836,199,lead,2026-05-15 14:00:00,2026-05-15 14:00:00
1265,836,103,co_instructor,2026-05-15 14:00:00,2026-05-15 14:00:00
1266,837,260,lead,2026-05-15 14:00:00,2026-05-15 14:00:00
1267,837,205,co_instructor,2026-05-15 14:00:00,2026-05-15 14:00:00
1268,838,156,lead,2026-05-15 14:00:00,2026-05-15 14:00:00
1269,839,189,lead,2026-05-15 14:00:00,2026-05-15 14:00:00
1270,839,162,co_instructor,2026-05-15 14:00:00,2026-05-15 14:00:00
1271,840,60,lead,2026-05-15 14:00:00,2026-05-15 14:00:00
1272,840,51,co_instructor,2026-05-15 14:00:00,2026-05-15 14:00:00
1273,841,42,lead,2026-05-15 14:00:00,2026-05-15 14:00:00
1274,841,35,co_instructor,2026-05-15 14:00:00,2026-05-15 14:00:00
1275,842,259,lead,2026-05-15 14:00:00,2026-05-15 14:00:00
1276,842,60,co_instructor,2026-05-15 14:00:00,2026-05-15 14:00:00
1277,843,185,lead,2026-05-15 14:00:00,2026-05-15 14:00:00
1278,843,115,co_instructor,2026-05-15 14:00:00,2026-05-15 14:00:00
1279,844,178,lead,2026-05-15 14:00:00,2026-05-15 14:00:00
1280,844,235,co_instructor,2026-05-15 14:00:00,2026-05-15 14:00:00
1281,845,9,lead,2026-05-15 14:00:00,2026-05-15 14:00:00
1282,846,89,lead,2026-05-15 14:00:00,2026-05-15 14:00:00
1283,847,60,lead,2026-05-15 14:00:00,2026-05-15 14:00:00
1284,847,105,co_instructor,2026-05-15 14:00:00,2026-05-15 14:00:00
1285,848,73,lead,2026-05-15 14:00:00,2026-05-15 14:00:00
1286,849,248,lead,2026-05-15 14:00:00,2026-05-15 14:00:00
1287,849,57,co_instructor,2026-05-15 14:00:00,2026-05-15 14:00:00
1288,850,23,lead,2026-05-15 14:00:00,2026-05-15 14:00:00
1289,850,4,co_instructor,2026-05-15 14:00:00,2026-05-15 14:00:00
1290,851,207,lead,2026-05-15 14:00:00,2026-05-15 14:00:00
1291,851,113,co_instructor,2026-05-15 14:00:00,2026-05-15 14:00:00
1292,852,159,lead,2026-05-15 14:00:00,2026-05-15 14:00:00
1293,852,251,co_instructor,2026-05-15 14:00:00,2026-05-15 14:00:00
1294,853,69,lead,2026-05-15 14:00:00,2026-05-15 14:00:00
1295,853,23,co_instructor,2026-05-15 14:00:00,2026-05-15 14:00:00
1296,854,14,lead,2026-05-15 14:00:00,2026-05-15 14:00:00
1297,854,217,co_instructor,2026-05-15 14:00:00,2026-05-15 14:00:00
1298,855,19,lead,2026-05-15 14:00:00,2026-05-15 14:00:00
1299,855,233,co_instructor,2026-05-15 14:00:00,2026-05-15 14:00:00
1300,856,69,lead,2026-05-15 14:00:00,2026-05-15 14:00:00
1301,856,123,co_instructor,2026-05-15 14:00:00,2026-05-15 14:00:00
1302,857,264,lead,2026-05-15 14:00:00,2026-05-15 14:00:00
1303,857,102,co_instructor,2026-05-15 14:00:00,2026-05-15 14:00:00
1304,858,134,lead,2026-05-15 14:00:00,2026-05-15 14:00:00
1305,858,189,co_instructor,2026-05-15 14:00:00,2026-05-15 14:00:00
1306,859,29,lead,2026-05-15 14:00:00,2026-05-15 14:00:00
1307,860,19,lead,2026-05-15 14:00:00,2026-05-15 14:00:00
1308,860,123,co_instructor,2026-05-15 14:00:00,2026-05-15 14:00:00
1309,861,65,lead,2026-05-15 14:00:00,2026-05-15 14:00:00
1310,861,139,co_instructor,2026-05-15 14:00:00,2026-05-15 14:00:00
1311,862,21,lead,2026-05-15 14:00:00,2026-05-15 14:00:00
1312,862,78,co_instructor,2026-05-15 14:00:00,2026-05-15 14:00:00
1313,863,224,lead,2026-05-15 14:00:00,2026-05-15 14:00:00
1314,863,242,co_instructor,2026-05-15 14:00:00,2026-05-15 14:00:00
1315,864,71,lead,2026-05-15 14:00:00,2026-05-15 14:00:00
1316,864,193,co_instructor,2026-05-15 14:00:00,2026-05-15 14:00:00
1317,865,101,lead,2026-05-15 14:00:00,2026-05-15 14:00:00
1318,865,217,co_instructor,2026-05-15 14:00:00,2026-05-15 14:00:00
1319,866,207,lead,2026-05-15 14:00:00,2026-05-15 14:00:00
1320,867,227,lead,2026-05-15 14:00:00,2026-05-15 14:00:00
1321,867,31,co_instructor,2026-05-15 14:00:00,2026-05-15 14:00:00
1322,868,220,lead,2026-05-15 14:00:00,2026-05-15 14:00:00
1323,868,135,co_instructor,2026-05-15 14:00:00,2026-05-15 14:00:00
1324,869,105,lead,2026-05-15 14:00:00,2026-05-15 14:00:00
1325,870,58,lead,2026-05-15 14:00:00,2026-05-15 14:00:00
1326,870,2,co_instructor,2026-05-15 14:00:00,2026-05-15 14:00:00
1327,871,251,lead,2026-05-15 14:00:00,2026-05-15 14:00:00
1328,871,230,co_instructor,2026-05-15 14:00:00,2026-05-15 14:00:00
1329,872,161,lead,2026-05-15 14:00:00,2026-05-15 14:00:00
1330,872,147,co_instructor,2026-05-15 14:00:00,2026-05-15 14:00:00
1331,873,178,lead,2026-05-15 14:00:00,2026-05-15 14:00:00
1332,874,265,lead,2026-05-15 14:00:00,2026-05-15 14:00:00
1333,874,77,co_instructor,2026-05-15 14:00:00,2026-05-15 14:00:00
1334,875,176,lead,2026-05-15 14:00:00,2026-05-15 14:00:00
1335,876,197,lead,2026-05-15 14:00:00,2026-05-15 14:00:00
1336,876,239,co_instructor,2026-05-15 14:00:00,2026-05-15 14:00:00
1337,877,61,lead,2026-05-15 14:00:00,2026-05-15 14:00:00
1338,877,34,co_instructor,2026-05-15 14:00:00,2026-05-15 14:00:00
1339,878,113,lead,2026-05-15 14:00:00,2026-05-15 14:00:00
1340,878,88,co_instructor,2026-05-15 14:00:00,2026-05-15 14:00:00
1341,879,98,lead,2026-05-15 14:00:00,2026-05-15 14:00:00
1342,879,120,co_instructor,2026-05-15 14:00:00,2026-05-15 14:00:00
1343,880,187,lead,2026-05-15 14:00:00,2026-05-15 14:00:00
1344,880,68,co_instructor,2026-05-15 14:00:00,2026-05-15 14:00:00
1345,881,85,lead,2026-05-15 14:00:00,2026-05-15 14:00:00
1346,882,127,lead,2026-05-15 14:00:00,2026-05-15 14:00:00
1347,883,62,lead,2026-05-15 14:00:00,2026-05-15 14:00:00
1348,884,23,lead,2026-05-15 14:00:00,2026-05-15 14:00:00
1349,884,89,co_instructor,2026-05-15 14:00:00,2026-05-15 14:00:00
1350,885,103,lead,2026-05-15 14:00:00,2026-05-15 14:00:00
1351,885,254,co_instructor,2026-05-15 14:00:00,2026-05-15 14:00:00
1352,886,37,lead,2026-05-15 14:00:00,2026-05-15 14:00:00
1353,887,212,lead,2026-05-15 14:00:00,2026-05-15 14:00:00
1354,887,237,co_instructor,2026-05-15 14:00:00,2026-05-15 14:00:00
1355,888,236,lead,2026-05-15 14:00:00,2026-05-15 14:00:00
1356,888,190,co_instructor,2026-05-15 14:00:00,2026-05-15 14:00:00
1357,889,269,lead,2026-05-15 14:00:00,2026-05-15 14:00:00
1358,890,184,lead,2026-05-15 14:00:00,2026-05-15 14:00:00
1359,891,187,lead,2026-05-15 14:00:00,2026-05-15 14:00:00
1360,891,256,co_instructor,2026-05-15 14:00:00,2026-05-15 14:00:00
1361,892,244,lead,2026-05-15 14:00:00,2026-05-15 14:00:00
1362,893,136,lead,2026-05-15 14:00:00,2026-05-15 14:00:00
1363,893,251,co_instructor,2026-05-15 14:00:00,2026-05-15 14:00:00
1364,894,107,lead,2026-05-15 14:00:00,2026-05-15 14:00:00
1365,895,192,lead,2026-05-15 14:00:00,2026-05-15 14:00:00
1366,895,62,co_instructor,2026-05-15 14:00:00,2026-05-15 14:00:00
1367,896,191,lead,2026-05-15 14:00:00,2026-05-15 14:00:00
1368,896,260,co_instructor,2026-05-15 14:00:00,2026-05-15 14:00:00
1369,897,26,lead,2026-05-15 14:00:00,2026-05-15 14:00:00
1370,897,197,co_instructor,2026-05-15 14:00:00,2026-05-15 14:00:00
1371,898,162,lead,2026-05-15 14:00:00,2026-05-15 14:00:00
1372,899,243,lead,2026-05-15 14:00:00,2026-05-15 14:00:00
1373,899,138,co_instructor,2026-05-15 14:00:00,2026-05-15 14:00:00
1374,900,31,lead,2026-05-15 14:00:00,2026-05-15 14:00:00
1375,901,143,lead,2026-05-15 14:00:00,2026-05-15 14:00:00
1376,901,44,co_instructor,2026-05-15 14:00:00,2026-05-15 14:00:00
1377,902,271,lead,2026-05-15 14:00:00,2026-05-15 14:00:00
1378,902,16,co_instructor,2026-05-15 14:00:00,2026-05-15 14:00:00
1379,903,258,lead,2026-05-15 14:00:00,2026-05-15 14:00:00
1380,904,72,lead,2026-05-15 14:00:00,2026-05-15 14:00:00
1381,905,47,lead,2026-05-15 14:00:00,2026-05-15 14:00:00
1382,906,147,lead,2026-05-15 14:00:00,2026-05-15 14:00:00
1383,907,216,lead,2026-05-15 14:00:00,2026-05-15 14:00:00
1384,908,224,lead,2026-05-15 14:00:00,2026-05-15 14:00:00
1385,909,273,lead,2026-05-15 14:00:00,2026-05-15 14:00:00
1386,910,137,lead,2026-05-15 14:00:00,2026-05-15 14:00:00
1387,911,169,lead,2026-05-15 14:00:00,2026-05-15 14:00:00
1388,911,93,co_instructor,2026-05-15 14:00:00,2026-05-15 14:00:00
1389,912,84,lead,2026-05-15 14:00:00,2026-05-15 14:00:00
1390,912,28,co_instructor,2026-05-15 14:00:00,2026-05-15 14:00:00
1391,913,148,lead,2026-05-15 14:00:00,2026-05-15 14:00:00
1392,913,218,co_instructor,2026-05-15 14:00:00,2026-05-15 14:00:00
1393,914,60,lead,2026-05-15 14:00:00,2026-05-15 14:00:00
1394,914,5,co_instructor,2026-05-15 14:00:00,2026-05-15 14:00:00
1395,915,63,lead,2026-05-15 14:00:00,2026-05-15 14:00:00
1396,915,276,co_instructor,2026-05-15 14:00:00,2026-05-15 14:00:00
1397,916,270,lead,2026-05-15 14:00:00,2026-05-15 14:00:00
1398,917,32,lead,2026-05-15 14:00:00,2026-05-15 14:00:00
1399,917,208,co_instructor,2026-05-15 14:00:00,2026-05-15 14:00:00
1400,918,40,lead,2026-05-15 14:00:00,2026-05-15 14:00:00
1401,919,157,lead,2026-05-15 14:00:00,2026-05-15 14:00:00
1402,920,41,lead,2026-05-15 14:00:00,2026-05-15 14:00:00
1403,921,128,lead,2026-05-15 14:00:00,2026-05-15 14:00:00
1404,922,244,lead,2026-05-15 14:00:00,2026-05-15 14:00:00
1405,922,186,co_instructor,2026-05-15 14:00:00,2026-05-15 14:00:00
1406,923,115,lead,2026-05-15 14:00:00,2026-05-15 14:00:00
1407,924,225,lead,2026-05-15 14:00:00,2026-05-15 14:00:00
1408,924,253,co_instructor,2026-05-15 14:00:00,2026-05-15 14:00:00
1409,925,278,lead,2026-05-15 14:00:00,2026-05-15 14:00:00
1410,925,52,co_instructor,2026-05-15 14:00:00,2026-05-15 14:00:00
1411,926,117,lead,2026-05-15 14:00:00,2026-05-15 14:00:00
1412,926,83,co_instructor,2026-05-15 14:00:00,2026-05-15 14:00:00
1413,927,247,lead,2026-05-15 14:00:00,2026-05-15 14:00:00
1414,928,92,lead,2026-05-15 14:00:00,2026-05-15 14:00:00
1415,928,198,co_instructor,2026-05-15 14:00:00,2026-05-15 14:00:00
1416,929,184,lead,2026-05-15 14:00:00,2026-05-15 14:00:00
1417,929,43,co_instructor,2026-05-15 14:00:00,2026-05-15 14:00:00
1418,930,147,lead,2026-05-15 14:00:00,2026-05-15 14:00:00
1419,930,152,co_instructor,2026-05-15 14:00:00,2026-05-15 14:00:00
1420,931,178,lead,2026-05-15 14:00:00,2026-05-15 14:00:00
1421,931,81,co_instructor,2026-05-15 14:00:00,2026-05-15 14:00:00
1422,932,275,lead,2026-05-15 14:00:00,2026-05-15 14:00:00
1423,933,83,lead,2026-05-15 14:00:00,2026-05-15 14:00:00
1424,933,136,co_instructor,2026-05-15 14:00:00,2026-05-15 14:00:00
1425,934,132,lead,2026-05-15 14:00:00,2026-05-15 14:00:00
1426,935,7,lead,2026-05-15 14:00:00,2026-05-15 14:00:00
1427,936,135,lead,2026-05-15 14:00:00,2026-05-15 14:00:00
1428,937,167,lead,2026-05-15 14:00:00,2026-05-15 14:00:00
1429,938,238,lead,2026-05-15 14:00:00,2026-05-15 14:00:00
1430,939,214,lead,2026-05-15 14:00:00,2026-05-15 14:00:00
1431,939,264,co_instructor,2026-05-15 14:00:00,2026-05-15 14:00:00
1432,940,25,lead,2026-05-15 14:00:00,2026-05-15 14:00:00
1433,940,68,co_instructor,2026-05-15 14:00:00,2026-05-15 14:00:00
1434,941,249,lead,2026-05-15 14:00:00,2026-05-15 14:00:00
1435,941,50,co_instructor,2026-05-15 14:00:00,2026-05-15 14:00:00
1436,942,142,lead,2026-05-15 14:00:00,2026-05-15 14:00:00
1437,943,168,lead,2026-05-15 14:00:00,2026-05-15 14:00:00
1438,944,267,lead,2026-05-15 14:00:00,2026-05-15 14:00:00
1439,945,94,lead,2026-05-15 14:00:00,2026-05-15 14:00:00
1440,945,40,co_instructor,2026-05-15 14:00:00,2026-05-15 14:00:00
1441,946,20,lead,2026-05-15 14:00:00,2026-05-15 14:00:00
1442,947,91,lead,2026-05-15 14:00:00,2026-05-15 14:00:00
1443,948,247,lead,2026-05-15 14:00:00,2026-05-15 14:00:00
1444,949,69,lead,2026-05-15 14:00:00,2026-05-15 14:00:00
1445,950,202,lead,2026-05-15 14:00:00,2026-05-15 14:00:00
1446,950,71,co_instructor,2026-05-15 14:00:00,2026-05-15 14:00:00
1447,951,203,lead,2026-05-15 14:00:00,2026-05-15 14:00:00
1448,951,238,co_instructor,2026-05-15 14:00:00,2026-05-15 14:00:00
1449,952,133,lead,2026-05-15 14:00:00,2026-05-15 14:00:00
1450,952,226,co_instructor,2026-05-15 14:00:00,2026-05-15 14:00:00
1451,953,224,lead,2026-05-15 14:00:00,2026-05-15 14:00:00
1452,953,164,co_instructor,2026-05-15 14:00:00,2026-05-15 14:00:00
1453,954,122,lead,2026-05-15 14:00:00,2026-05-15 14:00:00
1454,955,12,lead,2026-05-15 14:00:00,2026-05-15 14:00:00
1455,955,23,co_instructor,2026-05-15 14:00:00,2026-05-15 14:00:00
1456,956,65,lead,2026-05-15 14:00:00,2026-05-15 14:00:00
1457,956,83,co_instructor,2026-05-15 14:00:00,2026-05-15 14:00:00
1458,957,5,lead,2026-05-15 14:00:00,2026-05-15 14:00:00
1459,958,265,lead,2026-05-15 14:00:00,2026-05-15 14:00:00
1460,958,227,co_instructor,2026-05-15 14:00:00,2026-05-15 14:00:00
1461,959,90,lead,2026-05-15 14:00:00,2026-05-15 14:00:00
1462,960,145,lead,2026-05-15 14:00:00,2026-05-15 14:00:00
1463,960,14,co_instructor,2026-05-15 14:00:00,2026-05-15 14:00:00
1464,961,23,lead,2026-05-15 14:00:00,2026-05-15 14:00:00
1465,961,42,co_instructor,2026-05-15 14:00:00,2026-05-15 14:00:00
1466,962,77,lead,2026-05-15 14:00:00,2026-05-15 14:00:00
1467,962,242,co_instructor,2026-05-15 14:00:00,2026-05-15 14:00:00
1468,963,4,lead,2026-05-15 14:00:00,2026-05-15 14:00:00
1469,964,216,lead,2026-05-15 14:00:00,2026-05-15 14:00:00
1470,965,73,lead,2026-05-15 14:00:00,2026-05-15 14:00:00
1471,965,143,co_instructor,2026-05-15 14:00:00,2026-05-15 14:00:00
1472,966,89,lead,2026-05-15 14:00:00,2026-05-15 14:00:00
1473,967,175,lead,2026-05-15 14:00:00,2026-05-15 14:00:00
1474,968,209,lead,2026-05-15 14:00:00,2026-05-15 14:00:00
1475,969,67,lead,2026-05-15 14:00:00,2026-05-15 14:00:00
1476,969,18,co_instructor,2026-05-15 14:00:00,2026-05-15 14:00:00
1477,970,19,lead,2026-05-15 14:00:00,2026-05-15 14:00:00
1478,971,209,lead,2026-05-15 14:00:00,2026-05-15 14:00:00
1479,972,222,lead,2026-05-15 14:00:00,2026-05-15 14:00:00
1480,972,68,co_instructor,2026-05-15 14:00:00,2026-05-15 14:00:00
1481,973,209,lead,2026-05-15 14:00:00,2026-05-15 14:00:00
1482,973,151,co_instructor,2026-05-15 14:00:00,2026-05-15 14:00:00
1483,974,10,lead,2026-05-15 14:00:00,2026-05-15 14:00:00
1484,975,264,lead,2026-05-15 14:00:00,2026-05-15 14:00:00
1485,975,62,co_instructor,2026-05-15 14:00:00,2026-05-15 14:00:00
1486,976,132,lead,2026-05-15 14:00:00,2026-05-15 14:00:00
1487,976,44,co_instructor,2026-05-15 14:00:00,2026-05-15 14:00:00
1488,977,241,lead,2026-05-15 14:00:00,2026-05-15 14:00:00
1489,978,123,lead,2026-05-15 14:00:00,2026-05-15 14:00:00
1490,979,232,lead,2026-05-15 14:00:00,2026-05-15 14:00:00
1491,980,105,lead,2026-05-15 14:00:00,2026-05-15 14:00:00
1492,981,228,lead,2026-05-15 14:00:00,2026-05-15 14:00:00
1493,982,136,lead,2026-05-15 14:00:00,2026-05-15 14:00:00
1494,983,131,lead,2026-05-15 14:00:00,2026-05-15 14:00:00
1495,983,145,co_instructor,2026-05-15 14:00:00,2026-05-15 14:00:00
1496,984,31,lead,2026-05-15 14:00:00,2026-05-15 14:00:00
1497,984,139,co_instructor,2026-05-15 14:00:00,2026-05-15 14:00:00
1498,985,196,lead,2026-05-15 14:00:00,2026-05-15 14:00:00
1499,985,58,co_instructor,2026-05-15 14:00:00,2026-05-15 14:00:00
1500,986,273,lead,2026-05-15 14:00:00,2026-05-15 14:00:00
1501,986,268,co_instructor,2026-05-15 14:00:00,2026-05-15 14:00:00
1502,987,277,lead,2026-05-15 14:00:00,2026-05-15 14:00:00
1503,988,100,lead,2026-05-15 14:00:00,2026-05-15 14:00:00
1504,989,203,lead,2026-05-15 14:00:00,2026-05-15 14:00:00
1505,989,230,co_instructor,2026-05-15 14:00:00,2026-05-15 14:00:00
1506,990,58,lead,2026-05-15 14:00:00,2026-05-15 14:00:00
1507,991,90,lead,2026-05-15 14:00:00,2026-05-15 14:00:00
1508,991,117,co_instructor,2026-05-15 14:00:00,2026-05-15 14:00:00
1509,992,110,lead,2026-05-15 14:00:00,2026-05-15 14:00:00
1510,993,249,lead,2026-05-15 14:00:00,2026-05-15 14:00:00
1511,994,218,lead,2026-05-15 14:00:00,2026-05-15 14:00:00
1512,994,58,co_instructor,2026-05-15 14:00:00,2026-05-15 14:00:00
1513,995,73,lead,2026-05-15 14:00:00,2026-05-15 14:00:00
1514,995,215,co_instructor,2026-05-15 14:00:00,2026-05-15 14:00:00
1515,996,234,lead,2026-05-15 14:00:00,2026-05-15 14:00:00
1516,996,30,co_instructor,2026-05-15 14:00:00,2026-05-15 14:00:00
1517,997,150,lead,2026-05-15 14:00:00,2026-05-15 14:00:00
1518,997,261,co_instructor,2026-05-15 14:00:00,2026-05-15 14:00:00
1519,998,277,lead,2026-05-15 14:00:00,2026-05-15 14:00:00
1520,999,15,lead,2026-05-15 14:00:00,2026-05-15 14:00:00
1521,1000,141,lead,2026-05-15 14:00:00,2026-05-15 14:00:00
